word,sfi,wordlist
the,87.85,1 - NGSL,
be,86.86,1 - NGSL,
and,84.88,1 - NGSL,
of,84.79,1 - NGSL,
to,84.66,1 - NGSL,
a,84.45,1 - NGSL,
in,83.25,1 - NGSL,
have,81.53,1 - NGSL,
it,81.39,1 - NGSL,
you,81.08,1 - NGSL,
he,80.42,1 - NGSL,
for,80.01,1 - NGSL,
they,79.90,1 - NGSL,
not,79.77,1 - NGSL,
that,79.37,1 - NGSL,
we,79.24,1 - NGSL,
on,78.90,1 - NGSL,
with,78.68,1 - NGSL,
this,78.45,1 - NGSL,
I,78.34,1 - NGSL,
do,78.33,1 - NGSL,
as,78.29,1 - NGSL,
at,77.46,1 - NGSL,
she,77.16,1 - NGSL,
but,77.06,1 - NGSL,
from,76.63,1 - NGSL,
by,76.36,1 - NGSL,
will,76.23,1 - NGSL,
or,76.09,1 - NGSL,
say,75.35,1 - NGSL,
go,75.13,1 - NGSL,
so,75.09,1 - NGSL,
all,75.02,1 - NGSL,
if,74.78,1 - NGSL,
one,74.77,1 - NGSL,
would,74.77,1 - NGSL,
about,74.72,1 - NGSL,
can,74.61,1 - NGSL,
which,74.60,1 - NGSL,
there,74.50,1 - NGSL,
know,74.21,1 - NGSL,
more,74.20,1 - NGSL,
get,74.10,1 - NGSL,
who,74.04,1 - NGSL,
like,73.92,1 - NGSL,
when,73.86,1 - NGSL,
think,73.86,1 - NGSL,
make,73.73,1 - NGSL,
time,73.62,1 - NGSL,
see,73.48,1 - NGSL,
what,73.43,1 - NGSL,
up,73.32,1 - NGSL,
some,73.28,1 - NGSL,
other,73.22,1 - NGSL,
out,73.15,1 - NGSL,
good,73.09,1 - NGSL,
people,73.05,1 - NGSL,
year,72.90,1 - NGSL,
take,72.73,1 - NGSL,
no,72.68,1 - NGSL,
well,72.64,1 - NGSL,
because,72.61,1 - NGSL,
very,72.53,1 - NGSL,
just,72.43,1 - NGSL,
come,72.29,1 - NGSL,
could,72.27,1 - NGSL,
work,72.24,1 - NGSL,
use,72.19,1 - NGSL,
than,72.02,1 - NGSL,
now,71.94,1 - NGSL,
then,71.91,1 - NGSL,
also,71.91,1 - NGSL,
into,71.70,1 - NGSL,
only,71.69,1 - NGSL,
look,71.37,1 - NGSL,
want,71.31,1 - NGSL,
give,71.24,1 - NGSL,
first,71.21,1 - NGSL,
new,71.10,1 - NGSL,
way,71.07,1 - NGSL,
find,70.92,1 - NGSL,
over,70.92,1 - NGSL,
any,70.88,1 - NGSL,
after,70.83,1 - NGSL,
day,70.75,1 - NGSL,
where,70.75,1 - NGSL,
thing,70.65,1 - NGSL,
most,70.59,1 - NGSL,
should,70.54,1 - NGSL,
need,70.53,1 - NGSL,
much,70.51,1 - NGSL,
right,70.47,1 - NGSL,
how,70.39,1 - NGSL,
back,70.22,1 - NGSL,
mean,70.09,1 - NGSL,
even,69.95,1 - NGSL,
may,69.82,1 - NGSL,
here,69.77,1 - NGSL,
many,69.75,1 - NGSL,
such,69.71,1 - NGSL,
last,69.62,1 - NGSL,
child,69.59,1 - NGSL,
tell,69.55,1 - NGSL,
really,69.40,1 - NGSL,
call,69.39,1 - NGSL,
before,69.29,1 - NGSL,
company,69.25,1 - NGSL,
through,69.23,1 - NGSL,
down,69.21,1 - NGSL,
show,69.18,1 - NGSL,
life,69.09,1 - NGSL,
man,69.07,1 - NGSL,
change,69.02,1 - NGSL,
place,69.00,1 - NGSL,
long,68.98,1 - NGSL,
between,68.94,1 - NGSL,
feel,68.92,1 - NGSL,
too,68.82,1 - NGSL,
still,68.76,1 - NGSL,
problem,68.65,1 - NGSL,
write,68.65,1 - NGSL,
same,68.58,1 - NGSL,
lot,68.54,1 - NGSL,
great,68.51,1 - NGSL,
try,68.45,1 - NGSL,
leave,68.44,1 - NGSL,
number,68.44,1 - NGSL,
both,68.42,1 - NGSL,
own,68.40,1 - NGSL,
part,68.40,1 - NGSL,
point,68.35,1 - NGSL,
little,68.33,1 - NGSL,
help,68.32,1 - NGSL,
ask,68.29,1 - NGSL,
meet,68.26,1 - NGSL,
start,68.26,1 - NGSL,
talk,68.23,1 - NGSL,
something,68.23,1 - NGSL,
put,68.16,1 - NGSL,
another,68.16,1 - NGSL,
become,68.15,1 - NGSL,
interest,68.15,1 - NGSL,
country,68.15,1 - NGSL,
old,68.11,1 - NGSL,
each,68.10,1 - NGSL,
school,68.05,1 - NGSL,
late,68.05,1 - NGSL,
high,68.04,1 - NGSL,
different,68.03,1 - NGSL,
off,68.00,1 - NGSL,
next,67.92,1 - NGSL,
end,67.92,1 - NGSL,
live,67.84,1 - NGSL,
why,67.83,1 - NGSL,
while,67.77,1 - NGSL,
world,67.76,1 - NGSL,
week,67.75,1 - NGSL,
play,67.73,1 - NGSL,
might,67.68,1 - NGSL,
must,67.68,1 - NGSL,
home,67.67,1 - NGSL,
never,67.63,1 - NGSL,
include,67.60,1 - NGSL,
course,67.60,1 - NGSL,
house,67.57,1 - NGSL,
report,67.56,1 - NGSL,
group,67.55,1 - NGSL,
case,67.55,1 - NGSL,
woman,67.55,1 - NGSL,
around,67.54,1 - NGSL,
book,67.53,1 - NGSL,
family,67.52,1 - NGSL,
seem,67.50,1 - NGSL,
let,67.44,1 - NGSL,
again,67.44,1 - NGSL,
kind,67.43,1 - NGSL,
keep,67.41,1 - NGSL,
hear,67.37,1 - NGSL,
system,67.36,1 - NGSL,
every,67.36,1 - NGSL,
question,67.34,1 - NGSL,
during,67.32,1 - NGSL,
always,67.25,1 - NGSL,
big,67.22,1 - NGSL,
set,67.21,1 - NGSL,
small,67.20,1 - NGSL,
study,67.19,1 - NGSL,
follow,67.17,1 - NGSL,
begin,67.14,1 - NGSL,
important,67.14,1 - NGSL,
since,67.12,1 - NGSL,
run,67.08,1 - NGSL,
under,67.07,1 - NGSL,
turn,67.07,1 - NGSL,
few,67.07,1 - NGSL,
bring,67.00,1 - NGSL,
early,66.98,1 - NGSL,
hand,66.97,1 - NGSL,
state,66.94,1 - NGSL,
move,66.93,1 - NGSL,
money,66.92,1 - NGSL,
fact,66.86,1 - NGSL,
however,66.80,1 - NGSL,
area,66.78,1 - NGSL,
provide,66.78,1 - NGSL,
name,66.74,1 - NGSL,
read,66.73,1 - NGSL,
friend,66.70,1 - NGSL,
month,66.70,1 - NGSL,
large,66.67,1 - NGSL,
business,66.67,1 - NGSL,
without,66.64,1 - NGSL,
information,66.62,1 - NGSL,
open,66.61,1 - NGSL,
order,66.59,1 - NGSL,
government,66.58,1 - NGSL,
word,66.58,1 - NGSL,
issue,66.56,1 - NGSL,
market,66.53,1 - NGSL,
pay,66.51,1 - NGSL,
build,66.50,1 - NGSL,
hold,66.45,1 - NGSL,
service,66.44,1 - NGSL,
against,66.39,1 - NGSL,
believe,66.38,1 - NGSL,
second,66.36,1 - NGSL,
though,66.34,1 - NGSL,
yes,66.33,1 - NGSL,
love,66.30,1 - NGSL,
increase,66.28,1 - NGSL,
job,66.28,1 - NGSL,
plan,66.28,1 - NGSL,
result,66.27,1 - NGSL,
away,66.27,1 - NGSL,
example,66.24,1 - NGSL,
happen,66.23,1 - NGSL,
offer,66.21,1 - NGSL,
young,66.20,1 - NGSL,
close,66.19,1 - NGSL,
program,66.17,1 - NGSL,
lead,66.13,1 - NGSL,
buy,66.07,1 - NGSL,
understand,66.05,1 - NGSL,
thank,66.01,1 - NGSL,
far,66.00,1 - NGSL,
today,65.94,1 - NGSL,
hour,65.93,1 - NGSL,
student,65.92,1 - NGSL,
face,65.91,1 - NGSL,
hope,65.89,1 - NGSL,
idea,65.87,1 - NGSL,
cost,65.86,1 - NGSL,
less,65.86,1 - NGSL,
room,65.85,1 - NGSL,
until,65.83,1 - NGSL,
reason,65.83,1 - NGSL,
form,65.79,1 - NGSL,
spend,65.78,1 - NGSL,
head,65.77,1 - NGSL,
car,65.77,1 - NGSL,
learn,65.74,1 - NGSL,
level,65.71,1 - NGSL,
person,65.66,1 - NGSL,
experience,65.63,1 - NGSL,
once,65.62,1 - NGSL,
member,65.61,1 - NGSL,
enough,65.60,1 - NGSL,
bad,65.59,1 - NGSL,
city,65.59,1 - NGSL,
night,65.58,1 - NGSL,
able,65.57,1 - NGSL,
support,65.55,1 - NGSL,
whether,65.55,1 - NGSL,
line,65.54,1 - NGSL,
present,65.54,1 - NGSL,
side,65.51,1 - NGSL,
quite,65.50,1 - NGSL,
although,65.46,1 - NGSL,
sure,65.45,1 - NGSL,
term,65.44,1 - NGSL,
least,65.44,1 - NGSL,
age,65.43,1 - NGSL,
low,65.43,1 - NGSL,
speak,65.42,1 - NGSL,
within,65.40,1 - NGSL,
process,65.40,1 - NGSL,
public,65.35,1 - NGSL,
often,65.33,1 - NGSL,
train,65.29,1 - NGSL,
possible,65.28,1 - NGSL,
actually,65.28,1 - NGSL,
rather,65.27,1 - NGSL,
view,65.26,1 - NGSL,
together,65.24,1 - NGSL,
consider,65.24,1 - NGSL,
price,65.14,1 - NGSL,
parent,65.14,1 - NGSL,
hard,65.12,1 - NGSL,
party,65.08,1 - NGSL,
local,65.06,1 - NGSL,
control,65.05,1 - NGSL,
already,65.02,1 - NGSL,
concern,65.02,1 - NGSL,
product,65.01,1 - NGSL,
lose,65.00,1 - NGSL,
story,64.98,1 - NGSL,
almost,64.98,1 - NGSL,
continue,64.96,1 - NGSL,
stand,64.95,1 - NGSL,
whole,64.95,1 - NGSL,
yet,64.95,1 - NGSL,
rate,64.94,1 - NGSL,
care,64.93,1 - NGSL,
expect,64.93,1 - NGSL,
effect,64.93,1 - NGSL,
sort,64.92,1 - NGSL,
ever,64.92,1 - NGSL,
anything,64.92,1 - NGSL,
cause,64.90,1 - NGSL,
fall,64.89,1 - NGSL,
deal,64.89,1 - NGSL,
water,64.87,1 - NGSL,
send,64.86,1 - NGSL,
allow,64.84,1 - NGSL,
soon,64.84,1 - NGSL,
watch,64.80,1 - NGSL,
base,64.78,1 - NGSL,
probably,64.75,1 - NGSL,
suggest,64.74,1 - NGSL,
past,64.73,1 - NGSL,
power,64.72,1 - NGSL,
test,64.71,1 - NGSL,
visit,64.70,1 - NGSL,
center,64.70,1 - NGSL,
grow,64.69,1 - NGSL,
nothing,64.68,1 - NGSL,
return,64.68,1 - NGSL,
mother,64.67,1 - NGSL,
walk,64.63,1 - NGSL,
matter,64.63,1 - NGSL,
mind,64.62,1 - NGSL,
value,64.61,1 - NGSL,
office,64.59,1 - NGSL,
record,64.59,1 - NGSL,
stay,64.57,1 - NGSL,
force,64.57,1 - NGSL,
stop,64.55,1 - NGSL,
several,64.54,1 - NGSL,
light,64.53,1 - NGSL,
develop,64.51,1 - NGSL,
remember,64.50,1 - NGSL,
bit,64.49,1 - NGSL,
share,64.48,1 - NGSL,
real,64.47,1 - NGSL,
answer,64.46,1 - NGSL,
sit,64.44,1 - NGSL,
figure,64.43,1 - NGSL,
letter,64.43,1 - NGSL,
decide,64.41,1 - NGSL,
language,64.39,1 - NGSL,
subject,64.35,1 - NGSL,
class,64.35,1 - NGSL,
development,64.31,1 - NGSL,
town,64.31,1 - NGSL,
half,64.29,1 - NGSL,
minute,64.28,1 - NGSL,
food,64.28,1 - NGSL,
break,64.28,1 - NGSL,
clear,64.25,1 - NGSL,
future,64.24,1 - NGSL,
either,64.24,1 - NGSL,
ago,64.24,1 - NGSL,
per,64.24,1 - NGSL,
remain,64.24,1 - NGSL,
top,64.23,1 - NGSL,
among,64.23,1 - NGSL,
win,64.21,1 - NGSL,
color,64.20,1 - NGSL,
involve,64.16,1 - NGSL,
reach,64.15,1 - NGSL,
social,64.15,1 - NGSL,
period,64.13,1 - NGSL,
across,64.12,1 - NGSL,
note,64.12,1 - NGSL,
history,64.12,1 - NGSL,
create,64.11,1 - NGSL,
drive,64.11,1 - NGSL,
along,64.10,1 - NGSL,
type,64.09,1 - NGSL,
sound,64.08,1 - NGSL,
eye,64.07,1 - NGSL,
music,64.07,1 - NGSL,
game,64.07,1 - NGSL,
political,64.06,1 - NGSL,
free,64.06,1 - NGSL,
receive,64.05,1 - NGSL,
moment,64.05,1 - NGSL,
sale,64.04,1 - NGSL,
policy,64.04,1 - NGSL,
further,63.99,1 - NGSL,
body,63.98,1 - NGSL,
require,63.97,1 - NGSL,
wait,63.96,1 - NGSL,
general,63.95,1 - NGSL,
appear,63.95,1 - NGSL,
toward,63.95,1 - NGSL,
team,63.95,1 - NGSL,
easy,63.95,1 - NGSL,
individual,63.95,1 - NGSL,
full,63.95,1 - NGSL,
black,63.94,1 - NGSL,
sense,63.92,1 - NGSL,
perhaps,63.91,1 - NGSL,
add,63.89,1 - NGSL,
rule,63.88,1 - NGSL,
pass,63.86,1 - NGSL,
produce,63.86,1 - NGSL,
sell,63.86,1 - NGSL,
short,63.81,1 - NGSL,
agree,63.81,1 - NGSL,
law,63.79,1 - NGSL,
everything,63.77,1 - NGSL,
research,63.75,1 - NGSL,
cover,63.73,1 - NGSL,
paper,63.73,1 - NGSL,
position,63.72,1 - NGSL,
near,63.72,1 - NGSL,
human,63.72,1 - NGSL,
computer,63.72,1 - NGSL,
situation,63.70,1 - NGSL,
staff,63.70,1 - NGSL,
activity,63.68,1 - NGSL,
film,63.66,1 - NGSL,
morning,63.65,1 - NGSL,
war,63.63,1 - NGSL,
account,63.63,1 - NGSL,
shop,63.62,1 - NGSL,
major,63.59,1 - NGSL,
someone,63.58,1 - NGSL,
above,63.58,1 - NGSL,
design,63.58,1 - NGSL,
event,63.57,1 - NGSL,
special,63.57,1 - NGSL,
sometimes,63.57,1 - NGSL,
condition,63.54,1 - NGSL,
carry,63.54,1 - NGSL,
choose,63.53,1 - NGSL,
father,63.51,1 - NGSL,
decision,63.51,1 - NGSL,
table,63.50,1 - NGSL,
certain,63.49,1 - NGSL,
forward,63.48,1 - NGSL,
main,63.48,1 - NGSL,
die,63.47,1 - NGSL,
bear,63.45,1 - NGSL,
cut,63.45,1 - NGSL,
describe,63.43,1 - NGSL,
himself,63.42,1 - NGSL,
available,63.42,1 - NGSL,
especially,63.42,1 - NGSL,
strong,63.38,1 - NGSL,
rise,63.38,1 - NGSL,
girl,63.37,1 - NGSL,
maybe,63.37,1 - NGSL,
community,63.37,1 - NGSL,
else,63.34,1 - NGSL,
particular,63.33,1 - NGSL,
role,63.33,1 - NGSL,
join,63.33,1 - NGSL,
difficult,63.32,1 - NGSL,
please,63.28,1 - NGSL,
detail,63.28,1 - NGSL,
difference,63.27,1 - NGSL,
action,63.21,1 - NGSL,
health,63.21,1 - NGSL,
eat,63.19,1 - NGSL,
step,63.18,1 - NGSL,
true,63.17,1 - NGSL,
phone,63.16,1 - NGSL,
themselves,63.16,1 - NGSL,
draw,63.15,1 - NGSL,
white,63.14,1 - NGSL,
date,63.13,1 - NGSL,
practice,63.12,1 - NGSL,
model,63.12,1 - NGSL,
raise,63.11,1 - NGSL,
customer,63.11,1 - NGSL,
front,63.07,1 - NGSL,
explain,63.06,1 - NGSL,
door,63.05,1 - NGSL,
outside,63.02,1 - NGSL,
behind,63.01,1 - NGSL,
economic,62.99,1 - NGSL,
site,62.98,1 - NGSL,
approach,62.98,1 - NGSL,
teacher,62.98,1 - NGSL,
land,62.94,1 - NGSL,
charge,62.94,1 - NGSL,
finally,62.93,1 - NGSL,
sign,62.93,1 - NGSL,
claim,62.93,1 - NGSL,
relationship,62.93,1 - NGSL,
travel,62.91,1 - NGSL,
enjoy,62.89,1 - NGSL,
death,62.89,1 - NGSL,
nice,62.86,1 - NGSL,
amount,62.86,1 - NGSL,
improve,62.83,1 - NGSL,
picture,62.83,1 - NGSL,
boy,62.83,1 - NGSL,
regard,62.82,1 - NGSL,
organization,62.82,1 - NGSL,
happy,62.81,1 - NGSL,
couple,62.81,1 - NGSL,
act,62.80,1 - NGSL,
range,62.79,1 - NGSL,
quality,62.78,1 - NGSL,
project,62.78,1 - NGSL,
round,62.77,1 - NGSL,
opportunity,62.76,1 - NGSL,
road,62.76,1 - NGSL,
accord,62.74,1 - NGSL,
list,62.73,1 - NGSL,
wish,62.73,1 - NGSL,
therefore,62.72,1 - NGSL,
wear,62.71,1 - NGSL,
fund,62.71,1 - NGSL,
rest,62.71,1 - NGSL,
kid,62.70,1 - NGSL,
industry,62.68,1 - NGSL,
education,62.67,1 - NGSL,
measure,62.67,1 - NGSL,
kill,62.65,1 - NGSL,
serve,62.64,1 - NGSL,
likely,62.62,1 - NGSL,
certainly,62.59,1 - NGSL,
national,62.58,1 - NGSL,
itself,62.57,1 - NGSL,
teach,62.57,1 - NGSL,
field,62.57,1 - NGSL,
security,62.54,1 - NGSL,
air,62.53,1 - NGSL,
benefit,62.53,1 - NGSL,
trade,62.52,1 - NGSL,
risk,62.52,1 - NGSL,
news,62.51,1 - NGSL,
standard,62.50,1 - NGSL,
vote,62.49,1 - NGSL,
percent,62.49,1 - NGSL,
focus,62.48,1 - NGSL,
stage,62.47,1 - NGSL,
space,62.46,1 - NGSL,
instead,62.46,1 - NGSL,
realize,62.46,1 - NGSL,
usually,62.44,1 - NGSL,
data,62.42,1 - NGSL,
single,62.41,1 - NGSL,
address,62.37,1 - NGSL,
performance,62.36,1 - NGSL,
chance,62.36,1 - NGSL,
accept,62.36,1 - NGSL,
society,62.35,1 - NGSL,
technology,62.35,1 - NGSL,
mention,62.35,1 - NGSL,
choice,62.33,1 - NGSL,
save,62.33,1 - NGSL,
common,62.32,1 - NGSL,
culture,62.29,1 - NGSL,
total,62.28,1 - NGSL,
demand,62.27,1 - NGSL,
material,62.26,1 - NGSL,
limit,62.25,1 - NGSL,
listen,62.25,1 - NGSL,
due,62.23,1 - NGSL,
wrong,62.23,1 - NGSL,
foot,62.22,1 - NGSL,
effort,62.22,1 - NGSL,
attention,62.21,1 - NGSL,
upon,62.21,1 - NGSL,
check,62.20,1 - NGSL,
complete,62.20,1 - NGSL,
lie,62.19,1 - NGSL,
pick,62.19,1 - NGSL,
reduce,62.19,1 - NGSL,
personal,62.19,1 - NGSL,
ground,62.18,1 - NGSL,
animal,62.17,1 - NGSL,
arrive,62.17,1 - NGSL,
patient,62.17,1 - NGSL,
current,62.15,1 - NGSL,
century,62.14,1 - NGSL,
evidence,62.13,1 - NGSL,
exist,62.13,1 - NGSL,
similar,62.12,1 - NGSL,
fight,62.12,1 - NGSL,
leader,62.12,1 - NGSL,
fine,62.11,1 - NGSL,
street,62.11,1 - NGSL,
former,62.10,1 - NGSL,
contact,62.09,1 - NGSL,
particularly,62.09,1 - NGSL,
wife,62.06,1 - NGSL,
sport,62.06,1 - NGSL,
prepare,62.04,1 - NGSL,
discuss,62.03,1 - NGSL,
response,62.03,1 - NGSL,
voice,62.02,1 - NGSL,
piece,62.01,1 - NGSL,
finish,62.00,1 - NGSL,
suppose,61.97,1 - NGSL,
apply,61.97,1 - NGSL,
president,61.97,1 - NGSL,
fire,61.96,1 - NGSL,
compare,61.95,1 - NGSL,
court,61.94,1 - NGSL,
police,61.93,1 - NGSL,
store,61.92,1 - NGSL,
poor,61.92,1 - NGSL,
knowledge,61.91,1 - NGSL,
laugh,61.91,1 - NGSL,
arm,61.90,1 - NGSL,
heart,61.90,1 - NGSL,
source,61.90,1 - NGSL,
employee,61.89,1 - NGSL,
manage,61.87,1 - NGSL,
simply,61.86,1 - NGSL,
bank,61.85,1 - NGSL,
firm,61.84,1 - NGSL,
cell,61.84,1 - NGSL,
article,61.81,1 - NGSL,
fast,61.80,1 - NGSL,
attack,61.79,1 - NGSL,
foreign,61.79,1 - NGSL,
surprise,61.78,1 - NGSL,
feature,61.77,1 - NGSL,
factor,61.77,1 - NGSL,
pretty,61.76,1 - NGSL,
recently,61.76,1 - NGSL,
affect,61.76,1 - NGSL,
drop,61.75,1 - NGSL,
recent,61.74,1 - NGSL,
relate,61.74,1 - NGSL,
official,61.73,1 - NGSL,
financial,61.73,1 - NGSL,
miss,61.72,1 - NGSL,
art,61.72,1 - NGSL,
campaign,61.71,1 - NGSL,
private,61.71,1 - NGSL,
pause,61.70,1 - NGSL,
everyone,61.69,1 - NGSL,
forget,61.68,1 - NGSL,
page,61.68,1 - NGSL,
worry,61.68,1 - NGSL,
summer,61.67,1 - NGSL,
drink,61.66,1 - NGSL,
opinion,61.66,1 - NGSL,
park,61.65,1 - NGSL,
represent,61.64,1 - NGSL,
key,61.64,1 - NGSL,
inside,61.62,1 - NGSL,
manager,61.60,1 - NGSL,
international,61.59,1 - NGSL,
contain,61.58,1 - NGSL,
notice,61.56,1 - NGSL,
wonder,61.56,1 - NGSL,
nature,61.55,1 - NGSL,
structure,61.55,1 - NGSL,
section,61.54,1 - NGSL,
myself,61.53,1 - NGSL,
exactly,61.52,1 - NGSL,
plant,61.52,1 - NGSL,
paint,61.51,1 - NGSL,
worker,61.50,1 - NGSL,
press,61.50,1 - NGSL,
whatever,61.50,1 - NGSL,
necessary,61.50,1 - NGSL,
region,61.48,1 - NGSL,
growth,61.46,1 - NGSL,
evening,61.46,1 - NGSL,
influence,61.46,1 - NGSL,
respect,61.46,1 - NGSL,
various,61.46,1 - NGSL,
catch,61.45,1 - NGSL,
thus,61.43,1 - NGSL,
skill,61.43,1 - NGSL,
attempt,61.42,1 - NGSL,
son,61.42,1 - NGSL,
simple,61.41,1 - NGSL,
medium,61.41,1 - NGSL,
average,61.41,1 - NGSL,
stock,61.40,1 - NGSL,
management,61.39,1 - NGSL,
character,61.38,1 - NGSL,
bed,61.38,1 - NGSL,
hit,61.38,1 - NGSL,
establish,61.37,1 - NGSL,
indeed,61.36,1 - NGSL,
final,61.36,1 - NGSL,
economy,61.35,1 - NGSL,
fit,61.35,1 - NGSL,
guy,61.33,1 - NGSL,
function,61.32,1 - NGSL,
yesterday,61.32,1 - NGSL,
image,61.31,1 - NGSL,
size,61.30,1 - NGSL,
behavior,61.30,1 - NGSL,
addition,61.30,1 - NGSL,
determine,61.29,1 - NGSL,
station,61.28,1 - NGSL,
population,61.28,1 - NGSL,
fail,61.27,1 - NGSL,
environment,61.27,1 - NGSL,
production,61.25,1 - NGSL,
contract,61.24,1 - NGSL,
player,61.22,1 - NGSL,
comment,61.22,1 - NGSL,
enter,61.21,1 - NGSL,
occur,61.20,1 - NGSL,
alone,61.20,1 - NGSL,
significant,61.18,1 - NGSL,
drug,61.18,1 - NGSL,
wall,61.17,1 - NGSL,
series,61.17,1 - NGSL,
direct,61.16,1 - NGSL,
success,61.15,1 - NGSL,
tomorrow,61.14,1 - NGSL,
director,61.13,1 - NGSL,
clearly,61.13,1 - NGSL,
lack,61.12,1 - NGSL,
review,61.12,1 - NGSL,
depend,61.10,1 - NGSL,
race,61.10,1 - NGSL,
recognize,61.10,1 - NGSL,
window,61.10,1 - NGSL,
purpose,61.09,1 - NGSL,
department,61.09,1 - NGSL,
gain,61.08,1 - NGSL,
tree,61.08,1 - NGSL,
college,61.07,1 - NGSL,
argue,61.07,1 - NGSL,
board,61.06,1 - NGSL,
holiday,61.05,1 - NGSL,
mark,61.05,1 - NGSL,
church,61.02,1 - NGSL,
machine,61.02,1 - NGSL,
achieve,61.02,1 - NGSL,
item,61.02,1 - NGSL,
prove,61.02,1 - NGSL,
cent,61.02,1 - NGSL,
season,61.01,1 - NGSL,
floor,61.01,1 - NGSL,
stuff,61.01,1 - NGSL,
wide,61.01,1 - NGSL,
anyone,61.01,1 - NGSL,
method,61.01,1 - NGSL,
analysis,61.00,1 - NGSL,
election,60.99,1 - NGSL,
military,60.99,1 - NGSL,
hotel,60.99,1 - NGSL,
club,60.99,1 - NGSL,
below,60.99,1 - NGSL,
movie,60.99,1 - NGSL,
doctor,60.98,1 - NGSL,
discussion,60.98,1 - NGSL,
sorry,60.98,1 - NGSL,
challenge,60.98,1 - NGSL,
nation,60.96,1 - NGSL,
nearly,60.96,1 - NGSL,
statement,60.95,1 - NGSL,
link,60.95,1 - NGSL,
despite,60.94,1 - NGSL,
introduce,60.94,1 - NGSL,
advantage,60.94,1 - NGSL,
ready,60.94,1 - NGSL,
marry,60.93,1 - NGSL,
strike,60.93,1 - NGSL,
mile,60.92,1 - NGSL,
seek,60.92,1 - NGSL,
ability,60.90,1 - NGSL,
unit,60.90,1 - NGSL,
card,60.89,1 - NGSL,
hospital,60.88,1 - NGSL,
quickly,60.86,1 - NGSL,
interview,60.86,1 - NGSL,
agreement,60.85,1 - NGSL,
release,60.85,1 - NGSL,
tax,60.85,1 - NGSL,
solution,60.85,1 - NGSL,
capital,60.83,1 - NGSL,
popular,60.82,1 - NGSL,
specific,60.82,1 - NGSL,
beautiful,60.82,1 - NGSL,
fear,60.81,1 - NGSL,
aim,60.81,1 - NGSL,
television,60.81,1 - NGSL,
serious,60.81,1 - NGSL,
target,60.80,1 - NGSL,
degree,60.78,1 - NGSL,
pull,60.77,1 - NGSL,
red,60.77,1 - NGSL,
husband,60.77,1 - NGSL,
access,60.77,1 - NGSL,
movement,60.75,1 - NGSL,
treat,60.74,1 - NGSL,
identify,60.73,1 - NGSL,
loss,60.72,1 - NGSL,
shall,60.72,1 - NGSL,
modern,60.70,1 - NGSL,
pressure,60.70,1 - NGSL,
bus,60.69,1 - NGSL,
treatment,60.69,1 - NGSL,
yourself,60.67,1 - NGSL,
supply,60.66,1 - NGSL,
village,60.65,1 - NGSL,
worth,60.64,1 - NGSL,
natural,60.64,1 - NGSL,
express,60.64,1 - NGSL,
indicate,60.64,1 - NGSL,
attend,60.63,1 - NGSL,
brother,60.63,1 - NGSL,
investment,60.63,1 - NGSL,
score,60.62,1 - NGSL,
organize,60.62,1 - NGSL,
trip,60.62,1 - NGSL,
beyond,60.62,1 - NGSL,
sleep,60.61,1 - NGSL,
fish,60.60,1 - NGSL,
promise,60.60,1 - NGSL,
potential,60.59,1 - NGSL,
energy,60.59,1 - NGSL,
trouble,60.59,1 - NGSL,
relation,60.58,1 - NGSL,
touch,60.56,1 - NGSL,
file,60.56,1 - NGSL,
middle,60.56,1 - NGSL,
bar,60.55,1 - NGSL,
suffer,60.55,1 - NGSL,
strategy,60.55,1 - NGSL,
deep,60.54,1 - NGSL,
except,60.54,1 - NGSL,
clean,60.54,1 - NGSL,
tend,60.54,1 - NGSL,
advance,60.54,1 - NGSL,
fill,60.53,1 - NGSL,
star,60.52,1 - NGSL,
network,60.50,1 - NGSL,
generally,60.50,1 - NGSL,
operation,60.49,1 - NGSL,
match,60.47,1 - NGSL,
avoid,60.47,1 - NGSL,
seat,60.45,1 - NGSL,
throw,60.45,1 - NGSL,
task,60.44,1 - NGSL,
normal,60.43,1 - NGSL,
goal,60.42,1 - NGSL,
associate,60.42,1 - NGSL,
blue,60.41,1 - NGSL,
positive,60.40,1 - NGSL,
option,60.40,1 - NGSL,
box,60.39,1 - NGSL,
huge,60.39,1 - NGSL,
message,60.39,1 - NGSL,
instance,60.38,1 - NGSL,
style,60.38,1 - NGSL,
refer,60.37,1 - NGSL,
cold,60.36,1 - NGSL,
push,60.36,1 - NGSL,
quarter,60.36,1 - NGSL,
assume,60.34,1 - NGSL,
baby,60.33,1 - NGSL,
successful,60.32,1 - NGSL,
sing,60.32,1 - NGSL,
doubt,60.32,1 - NGSL,
competition,60.32,1 - NGSL,
theory,60.31,1 - NGSL,
propose,60.31,1 - NGSL,
reference,60.30,1 - NGSL,
argument,60.30,1 - NGSL,
adult,60.30,1 - NGSL,
fly,60.30,1 - NGSL,
document,60.29,1 - NGSL,
pattern,60.29,1 - NGSL,
application,60.28,1 - NGSL,
hot,60.28,1 - NGSL,
obviously,60.28,1 - NGSL,
unclear,60.27,1 - NGSL,
bill,60.27,1 - NGSL,
search,60.26,1 - NGSL,
separate,60.26,1 - NGSL,
central,60.26,1 - NGSL,
career,60.25,1 - NGSL,
anyway,60.25,1 - NGSL,
speech,60.24,1 - NGSL,
dog,60.24,1 - NGSL,
officer,60.24,1 - NGSL,
throughout,60.24,1 - NGSL,
oil,60.22,1 - NGSL,
dress,60.21,1 - NGSL,
profit,60.21,1 - NGSL,
guess,60.20,1 - NGSL,
fun,60.20,1 - NGSL,
protect,60.20,1 - NGSL,
resource,60.19,1 - NGSL,
science,60.19,1 - NGSL,
disease,60.19,1 - NGSL,
balance,60.18,1 - NGSL,
damage,60.18,1 - NGSL,
basis,60.18,1 - NGSL,
author,60.17,1 - NGSL,
basic,60.17,1 - NGSL,
encourage,60.16,1 - NGSL,
hair,60.15,1 - NGSL,
male,60.15,1 - NGSL,
operate,60.14,1 - NGSL,
reflect,60.14,1 - NGSL,
exercise,60.13,1 - NGSL,
useful,60.12,1 - NGSL,
restaurant,60.12,1 - NGSL,
income,60.12,1 - NGSL,
property,60.12,1 - NGSL,
previous,60.12,1 - NGSL,
dark,60.11,1 - NGSL,
imagine,60.11,1 - NGSL,
okay,60.10,1 - NGSL,
earn,60.09,1 - NGSL,
daughter,60.09,1 - NGSL,
post,60.08,1 - NGSL,
newspaper,60.07,1 - NGSL,
define,60.06,1 - NGSL,
conclusion,60.05,1 - NGSL,
clock,60.05,1 - NGSL,
everybody,60.05,1 - NGSL,
weekend,60.04,1 - NGSL,
perform,60.04,1 - NGSL,
professional,60.04,1 - NGSL,
mine,60.04,1 - NGSL,
debate,60.03,1 - NGSL,
memory,60.03,1 - NGSL,
green,60.03,1 - NGSL,
song,60.02,1 - NGSL,
object,60.00,1 - NGSL,
maintain,60.00,1 - NGSL,
credit,59.99,1 - NGSL,
ring,59.99,1 - NGSL,
discover,59.97,1 - NGSL,
dead,59.96,1 - NGSL,
afternoon,59.96,1 - NGSL,
prefer,59.96,1 - NGSL,
extend,59.95,1 - NGSL,
possibility,59.95,1 - NGSL,
direction,59.94,1 - NGSL,
facility,59.94,1 - NGSL,
variety,59.92,1 - NGSL,
daily,59.91,1 - NGSL,
clothes,59.91,1 - NGSL,
screen,59.90,1 - NGSL,
track,59.89,1 - NGSL,
dance,59.89,1 - NGSL,
completely,59.89,1 - NGSL,
female,59.88,1 - NGSL,
responsibility,59.88,1 - NGSL,
original,59.84,1 - NGSL,
sister,59.84,1 - NGSL,
rock,59.84,1 - NGSL,
dream,59.84,1 - NGSL,
nor,59.82,1 - NGSL,
university,59.82,1 - NGSL,
easily,59.81,1 - NGSL,
agency,59.81,1 - NGSL,
dollar,59.80,1 - NGSL,
garden,59.79,1 - NGSL,
fix,59.79,1 - NGSL,
ahead,59.78,1 - NGSL,
cross,59.78,1 - NGSL,
yeah,59.77,1 - NGSL,
weight,59.74,1 - NGSL,
legal,59.72,1 - NGSL,
proposal,59.71,1 - NGSL,
version,59.71,1 - NGSL,
conversation,59.71,1 - NGSL,
somebody,59.70,1 - NGSL,
pound,59.69,1 - NGSL,
magazine,59.69,1 - NGSL,
shape,59.69,1 - NGSL,
sea,59.68,1 - NGSL,
immediately,59.67,1 - NGSL,
welcome,59.67,1 - NGSL,
smile,59.67,1 - NGSL,
communication,59.67,1 - NGSL,
agent,59.65,1 - NGSL,
traditional,59.65,1 - NGSL,
replace,59.64,1 - NGSL,
judge,59.64,1 - NGSL,
herself,59.63,1 - NGSL,
suddenly,59.63,1 - NGSL,
generation,59.63,1 - NGSL,
estimate,59.63,1 - NGSL,
favorite,59.62,1 - NGSL,
difficulty,59.62,1 - NGSL,
purchase,59.61,1 - NGSL,
shoot,59.60,1 - NGSL,
announce,59.60,1 - NGSL,
unless,59.60,1 - NGSL,
independent,59.59,1 - NGSL,
recommend,59.58,1 - NGSL,
survey,59.58,1 - NGSL,
majority,59.58,1 - NGSL,
stick,59.57,1 - NGSL,
request,59.56,1 - NGSL,
rich,59.54,1 - NGSL,
wind,59.54,1 - NGSL,
none,59.53,1 - NGSL,
exchange,59.52,1 - NGSL,
budget,59.51,1 - NGSL,
famous,59.51,1 - NGSL,
blood,59.51,1 - NGSL,
appropriate,59.51,1 - NGSL,
block,59.51,1 - NGSL,
warm,59.50,1 - NGSL,
count,59.50,1 - NGSL,
scene,59.50,1 - NGSL,
writer,59.49,1 - NGSL,
content,59.49,1 - NGSL,
prevent,59.48,1 - NGSL,
safe,59.47,1 - NGSL,
invite,59.47,1 - NGSL,
mix,59.46,1 - NGSL,
element,59.45,1 - NGSL,
effective,59.45,1 - NGSL,
correct,59.45,1 - NGSL,
medical,59.43,1 - NGSL,
admit,59.42,1 - NGSL,
beat,59.42,1 - NGSL,
telephone,59.42,1 - NGSL,
copy,59.41,1 - NGSL,
committee,59.40,1 - NGSL,
aware,59.40,1 - NGSL,
advice,59.40,1 - NGSL,
handle,59.39,1 - NGSL,
glass,59.39,1 - NGSL,
trial,59.38,1 - NGSL,
stress,59.38,1 - NGSL,
radio,59.37,1 - NGSL,
administration,59.36,1 - NGSL,
complex,59.36,1 - NGSL,
text,59.35,1 - NGSL,
context,59.35,1 - NGSL,
ride,59.34,1 - NGSL,
directly,59.34,1 - NGSL,
heavy,59.34,1 - NGSL,
remove,59.33,1 - NGSL,
conduct,59.33,1 - NGSL,
equipment,59.33,1 - NGSL,
otherwise,59.33,1 - NGSL,
title,59.32,1 - NGSL,
extra,59.31,1 - NGSL,
executive,59.31,1 - NGSL,
chair,59.31,1 - NGSL,
expensive,59.31,1 - NGSL,
sample,59.30,1 - NGSL,
sex,59.30,1 - NGSL,
deliver,59.29,1 - NGSL,
video,59.29,1 - NGSL,
connection,59.29,1 - NGSL,
primary,59.28,1 - NGSL,
weather,59.27,1 - NGSL,
collect,59.27,1 - NGSL,
inform,59.25,1 - NGSL,
principle,59.25,1 - NGSL,
straight,59.24,1 - NGSL,
appeal,59.24,1 - NGSL,
highly,59.24,1 - NGSL,
trust,59.24,1 - NGSL,
wonderful,59.23,1 - NGSL,
flat,59.23,1 - NGSL,
absolutely,59.22,1 - NGSL,
flow,59.22,1 - NGSL,
fair,59.22,1 - NGSL,
additional,59.21,1 - NGSL,
responsible,59.21,1 - NGSL,
farm,59.20,1 - NGSL,
collection,59.20,1 - NGSL,
hang,59.19,1 - NGSL,
negative,59.18,1 - NGSL,
band,59.18,1 - NGSL,
relative,59.17,1 - NGSL,
tour,59.17,1 - NGSL,
alternative,59.17,1 - NGSL,
software,59.17,1 - NGSL,
pair,59.16,1 - NGSL,
ship,59.16,1 - NGSL,
attitude,59.14,1 - NGSL,
cheap,59.14,1 - NGSL,
double,59.14,1 - NGSL,
leg,59.13,1 - NGSL,
observe,59.13,1 - NGSL,
sentence,59.13,1 - NGSL,
print,59.12,1 - NGSL,
progress,59.12,1 - NGSL,
truth,59.11,1 - NGSL,
nobody,59.11,1 - NGSL,
examine,59.10,1 - NGSL,
lay,59.10,1 - NGSL,
speed,59.09,1 - NGSL,
politics,59.09,1 - NGSL,
reply,59.08,1 - NGSL,
display,59.08,1 - NGSL,
transfer,59.08,1 - NGSL,
perfect,59.07,1 - NGSL,
slightly,59.07,1 - NGSL,
overall,59.07,1 - NGSL,
intend,59.06,1 - NGSL,
user,59.05,1 - NGSL,
respond,59.05,1 - NGSL,
dinner,59.04,1 - NGSL,
slow,59.04,1 - NGSL,
regular,59.04,1 - NGSL,
physical,59.04,1 - NGSL,
apart,59.02,1 - NGSL,
suit,59.01,1 - NGSL,
federal,59.01,1 - NGSL,
reveal,59.01,1 - NGSL,
percentage,59.00,1 - NGSL,
peace,58.99,1 - NGSL,
status,58.99,1 - NGSL,
crime,58.98,1 - NGSL,
decline,58.97,1 - NGSL,
decade,58.97,1 - NGSL,
launch,58.97,1 - NGSL,
warn,58.96,1 - NGSL,
consumer,58.96,1 - NGSL,
favor,58.96,1 - NGSL,
dry,58.95,1 - NGSL,
partner,58.95,1 - NGSL,
institution,58.95,1 - NGSL,
spot,58.94,1 - NGSL,
horse,58.94,1 - NGSL,
eventually,58.93,1 - NGSL,
heat,58.93,1 - NGSL,
excite,58.92,1 - NGSL,
reader,58.92,1 - NGSL,
importance,58.91,1 - NGSL,
distance,58.90,1 - NGSL,
guide,58.90,1 - NGSL,
grant,58.90,1 - NGSL,
taxi,58.89,1 - NGSL,
feed,58.89,1 - NGSL,
pain,58.89,1 - NGSL,
sector,58.87,1 - NGSL,
mistake,58.87,1 - NGSL,
ensure,58.86,1 - NGSL,
satisfy,58.85,1 - NGSL,
chief,58.85,1 - NGSL,
cool,58.85,1 - NGSL,
expert,58.84,1 - NGSL,
wave,58.84,1 - NGSL,
south,58.84,1 - NGSL,
labor,58.83,1 - NGSL,
surface,58.83,1 - NGSL,
library,58.82,1 - NGSL,
excellent,58.81,1 - NGSL,
edge,58.81,1 - NGSL,
camp,58.81,1 - NGSL,
audience,58.80,1 - NGSL,
lift,58.80,1 - NGSL,
procedure,58.79,1 - NGSL,
email,58.79,1 - NGSL,
global,58.79,1 - NGSL,
struggle,58.79,1 - NGSL,
advertise,58.77,1 - NGSL,
select,58.76,1 - NGSL,
surround,58.75,1 - NGSL,
extent,58.74,1 - NGSL,
river,58.73,1 - NGSL,
annual,58.73,1 - NGSL,
fully,58.73,1 - NGSL,
contrast,58.72,1 - NGSL,
roll,58.71,1 - NGSL,
reality,58.71,1 - NGSL,
photograph,58.70,1 - NGSL,
artist,58.69,1 - NGSL,
conflict,58.69,1 - NGSL,
entire,58.69,1 - NGSL,
presence,58.69,1 - NGSL,
crowd,58.69,1 - NGSL,
corner,58.69,1 - NGSL,
gas,58.69,1 - NGSL,
shift,58.68,1 - NGSL,
net,58.68,1 - NGSL,
category,58.68,1 - NGSL,
secretary,58.68,1 - NGSL,
defense,58.68,1 - NGSL,
quick,58.67,1 - NGSL,
cook,58.67,1 - NGSL,
spread,58.66,1 - NGSL,
nuclear,58.66,1 - NGSL,
scale,58.66,1 - NGSL,
driver,58.66,1 - NGSL,
ball,58.65,1 - NGSL,
cry,58.64,1 - NGSL,
introduction,58.63,1 - NGSL,
requirement,58.63,1 - NGSL,
north,58.62,1 - NGSL,
confirm,58.62,1 - NGSL,
senior,58.60,1 - NGSL,
photo,58.59,1 - NGSL,
refuse,58.59,1 - NGSL,
transport,58.58,1 - NGSL,
emerge,58.58,1 - NGSL,
map,58.58,1 - NGSL,
concept,58.58,1 - NGSL,
island,58.57,1 - NGSL,
reform,58.57,1 - NGSL,
neither,58.57,1 - NGSL,
football,58.56,1 - NGSL,
survive,58.56,1 - NGSL,
flight,58.55,1 - NGSL,
left,58.55,1 - NGSL,
solve,58.54,1 - NGSL,
neighbor,58.54,1 - NGSL,
background,58.54,1 - NGSL,
technique,58.54,1 - NGSL,
traffic,58.54,1 - NGSL,
improvement,58.53,1 - NGSL,
tool,58.52,1 - NGSL,
consequence,58.52,1 - NGSL,
circumstance,58.52,1 - NGSL,
smoke,58.52,1 - NGSL,
reaction,58.52,1 - NGSL,
rain,58.52,1 - NGSL,
busy,58.51,1 - NGSL,
lesson,58.51,1 - NGSL,
brain,58.50,1 - NGSL,
mass,58.50,1 - NGSL,
funny,58.49,1 - NGSL,
contribute,58.49,1 - NGSL,
failure,58.49,1 - NGSL,
schedule,58.48,1 - NGSL,
speaker,58.48,1 - NGSL,
bottom,58.47,1 - NGSL,
adopt,58.47,1 - NGSL,
combine,58.47,1 - NGSL,
mountain,58.46,1 - NGSL,
waste,58.46,1 - NGSL,
hide,58.45,1 - NGSL,
marriage,58.45,1 - NGSL,
ticket,58.45,1 - NGSL,
meal,58.45,1 - NGSL,
colleague,58.45,1 - NGSL,
bag,58.45,1 - NGSL,
repeat,58.44,1 - NGSL,
equal,58.43,1 - NGSL,
expression,58.43,1 - NGSL,
plus,58.43,1 - NGSL,
extremely,58.43,1 - NGSL,
owner,58.42,1 - NGSL,
plane,58.42,1 - NGSL,
commercial,58.41,1 - NGSL,
lady,58.39,1 - NGSL,
duty,58.38,1 - NGSL,
strength,58.37,1 - NGSL,
connect,58.36,1 - NGSL,
cultural,58.36,1 - NGSL,
arrange,58.35,1 - NGSL,
scheme,58.35,1 - NGSL,
payment,58.34,1 - NGSL,
unfortunately,58.34,1 - NGSL,
brief,58.34,1 - NGSL,
bird,58.33,1 - NGSL,
demonstrate,58.33,1 - NGSL,
contribution,58.33,1 - NGSL,
appreciate,58.32,1 - NGSL,
chapter,58.32,1 - NGSL,
secret,58.32,1 - NGSL,
apparently,58.32,1 - NGSL,
novel,58.32,1 - NGSL,
union,58.31,1 - NGSL,
burn,58.31,1 - NGSL,
trend,58.31,1 - NGSL,
initial,58.31,1 - NGSL,
pleasure,58.30,1 - NGSL,
suggestion,58.30,1 - NGSL,
critical,58.29,1 - NGSL,
gather,58.29,1 - NGSL,
mostly,58.29,1 - NGSL,
earth,58.29,1 - NGSL,
pop,58.28,1 - NGSL,
essential,58.27,1 - NGSL,
desire,58.27,1 - NGSL,
promote,58.27,1 - NGSL,
currently,58.27,1 - NGSL,
employ,58.26,1 - NGSL,
path,58.26,1 - NGSL,
topic,58.26,1 - NGSL,
beach,58.25,1 - NGSL,
attract,58.25,1 - NGSL,
engage,58.25,1 - NGSL,
powerful,58.24,1 - NGSL,
flower,58.24,1 - NGSL,
crisis,58.24,1 - NGSL,
settle,58.23,1 - NGSL,
boat,58.23,1 - NGSL,
aid,58.23,1 - NGSL,
fan,58.23,1 - NGSL,
kitchen,58.23,1 - NGSL,
twice,58.22,1 - NGSL,
fresh,58.22,1 - NGSL,
delay,58.22,1 - NGSL,
safety,58.22,1 - NGSL,
engineer,58.22,1 - NGSL,
quiet,58.21,1 - NGSL,
insurance,58.21,1 - NGSL,
nurse,58.21,1 - NGSL,
divide,58.20,1 - NGSL,
length,58.20,1 - NGSL,
investigation,58.19,1 - NGSL,
package,58.19,1 - NGSL,
somewhere,58.19,1 - NGSL,
expand,58.18,1 - NGSL,
commit,58.18,1 - NGSL,
obvious,58.18,1 - NGSL,
jump,58.16,1 - NGSL,
weapon,58.16,1 - NGSL,
relatively,58.15,1 - NGSL,
host,58.15,1 - NGSL,
winter,58.15,1 - NGSL,
district,58.15,1 - NGSL,
broad,58.14,1 - NGSL,
tire,58.12,1 - NGSL,
spring,58.11,1 - NGSL,
spirit,58.09,1 - NGSL,
lunch,58.09,1 - NGSL,
actual,58.08,1 - NGSL,
pool,58.08,1 - NGSL,
battle,58.08,1 - NGSL,
tradition,58.08,1 - NGSL,
cash,58.07,1 - NGSL,
hardly,58.06,1 - NGSL,
award,58.06,1 - NGSL,
coach,58.06,1 - NGSL,
experiment,58.06,1 - NGSL,
consideration,58.06,1 - NGSL,
strange,58.06,1 - NGSL,
code,58.06,1 - NGSL,
possibly,58.04,1 - NGSL,
threat,58.04,1 - NGSL,
accident,58.04,1 - NGSL,
impossible,58.04,1 - NGSL,
revenue,58.04,1 - NGSL,
enable,58.04,1 - NGSL,
afraid,58.03,1 - NGSL,
active,58.03,1 - NGSL,
conclude,58.02,1 - NGSL,
religious,58.01,1 - NGSL,
cancer,58.01,1 - NGSL,
convince,58.01,1 - NGSL,
vary,58.01,1 - NGSL,
environmental,58.00,1 - NGSL,
sun,58.00,1 - NGSL,
healthy,57.99,1 - NGSL,
blow,57.98,1 - NGSL,
volume,57.97,1 - NGSL,
location,57.97,1 - NGSL,
invest,57.97,1 - NGSL,
proceed,57.97,1 - NGSL,
wash,57.97,1 - NGSL,
actor,57.96,1 - NGSL,
glad,57.96,1 - NGSL,
tape,57.96,1 - NGSL,
whereas,57.96,1 - NGSL,
opposite,57.95,1 - NGSL,
stone,57.95,1 - NGSL,
sum,57.95,1 - NGSL,
murder,57.95,1 - NGSL,
monitor,57.94,1 - NGSL,
soldier,57.94,1 - NGSL,
finance,57.94,1 - NGSL,
hate,57.93,1 - NGSL,
egg,57.93,1 - NGSL,
concert,57.92,1 - NGSL,
shock,57.92,1 - NGSL,
comfortable,57.92,1 - NGSL,
usual,57.92,1 - NGSL,
carefully,57.91,1 - NGSL,
pack,57.91,1 - NGSL,
recall,57.91,1 - NGSL,
wine,57.90,1 - NGSL,
camera,57.90,1 - NGSL,
swim,57.90,1 - NGSL,
manufacture,57.90,1 - NGSL,
theater,57.89,1 - NGSL,
cycle,57.88,1 - NGSL,
coffee,57.87,1 - NGSL,
totally,57.87,1 - NGSL,
museum,57.87,1 - NGSL,
visitor,57.87,1 - NGSL,
freedom,57.86,1 - NGSL,
construction,57.86,1 - NGSL,
dear,57.86,1 - NGSL,
objective,57.84,1 - NGSL,
moreover,57.84,1 - NGSL,
onto,57.84,1 - NGSL,
historical,57.83,1 - NGSL,
oppose,57.83,1 - NGSL,
branch,57.82,1 - NGSL,
vehicle,57.82,1 - NGSL,
scientist,57.82,1 - NGSL,
route,57.81,1 - NGSL,
bind,57.80,1 - NGSL,
belong,57.80,1 - NGSL,
taste,57.80,1 - NGSL,
tonight,57.79,1 - NGSL,
fashion,57.79,1 - NGSL,
danger,57.79,1 - NGSL,
bomb,57.79,1 - NGSL,
army,57.79,1 - NGSL,
dangerous,57.77,1 - NGSL,
decrease,57.76,1 - NGSL,
hurt,57.76,1 - NGSL,
council,57.75,1 - NGSL,
editor,57.74,1 - NGSL,
normally,57.74,1 - NGSL,
sight,57.74,1 - NGSL,
generate,57.73,1 - NGSL,
gift,57.73,1 - NGSL,
delivery,57.72,1 - NGSL,
deny,57.72,1 - NGSL,
guest,57.72,1 - NGSL,
anybody,57.71,1 - NGSL,
bedroom,57.71,1 - NGSL,
quote,57.71,1 - NGSL,
climb,57.70,1 - NGSL,
basically,57.70,1 - NGSL,
violence,57.69,1 - NGSL,
minister,57.69,1 - NGSL,
mainly,57.68,1 - NGSL,
mouth,57.68,1 - NGSL,
noise,57.68,1 - NGSL,
manner,57.67,1 - NGSL,
gun,57.67,1 - NGSL,
square,57.67,1 - NGSL,
occasion,57.65,1 - NGSL,
familiar,57.64,1 - NGSL,
ignore,57.64,1 - NGSL,
destroy,57.64,1 - NGSL,
affair,57.63,1 - NGSL,
civil,57.62,1 - NGSL,
locate,57.62,1 - NGSL,
citizen,57.62,1 - NGSL,
temperature,57.61,1 - NGSL,
gold,57.61,1 - NGSL,
domestic,57.57,1 - NGSL,
load,57.57,1 - NGSL,
belief,57.57,1 - NGSL,
troop,57.57,1 - NGSL,
technical,57.56,1 - NGSL,
remind,57.56,1 - NGSL,
arrangement,57.56,1 - NGSL,
skin,57.55,1 - NGSL,
prison,57.55,1 - NGSL,
switch,57.55,1 - NGSL,
acquire,57.54,1 - NGSL,
corporate,57.53,1 - NGSL,
fairly,57.53,1 - NGSL,
wood,57.53,1 - NGSL,
participate,57.53,1 - NGSL,
tough,57.53,1 - NGSL,
tear,57.52,1 - NGSL,
representative,57.52,1 - NGSL,
capacity,57.52,1 - NGSL,
border,57.51,1 - NGSL,
shake,57.51,1 - NGSL,
assessment,57.51,1 - NGSL,
shoe,57.51,1 - NGSL,
ought,57.50,1 - NGSL,
ad,57.50,1 - NGSL,
fee,57.49,1 - NGSL,
hall,57.49,1 - NGSL,
regulation,57.48,1 - NGSL,
escape,57.48,1 - NGSL,
studio,57.48,1 - NGSL,
proper,57.47,1 - NGSL,
relax,57.47,1 - NGSL,
tourist,57.47,1 - NGSL,
component,57.47,1 - NGSL,
afford,57.46,1 - NGSL,
lawyer,57.46,1 - NGSL,
suspect,57.45,1 - NGSL,
cup,57.45,1 - NGSL,
description,57.45,1 - NGSL,
confidence,57.44,1 - NGSL,
industrial,57.42,1 - NGSL,
complain,57.42,1 - NGSL,
perspective,57.42,1 - NGSL,
error,57.42,1 - NGSL,
arrest,57.42,1 - NGSL,
assess,57.41,1 - NGSL,
register,57.40,1 - NGSL,
asset,57.40,1 - NGSL,
signal,57.39,1 - NGSL,
finger,57.38,1 - NGSL,
relevant,57.38,1 - NGSL,
explore,57.37,1 - NGSL,
leadership,57.37,1 - NGSL,
commitment,57.36,1 - NGSL,
wake,57.36,1 - NGSL,
necessarily,57.35,1 - NGSL,
bright,57.34,1 - NGSL,
frame,57.34,1 - NGSL,
slowly,57.34,1 - NGSL,
bond,57.34,1 - NGSL,
hire,57.34,1 - NGSL,
hole,57.33,1 - NGSL,
tie,57.33,1 - NGSL,
internal,57.33,1 - NGSL,
chain,57.32,1 - NGSL,
literature,57.29,1 - NGSL,
victim,57.29,1 - NGSL,
threaten,57.28,1 - NGSL,
division,57.28,1 - NGSL,
secure,57.27,1 - NGSL,
amaze,57.27,1 - NGSL,
device,57.26,1 - NGSL,
birth,57.26,1 - NGSL,
forest,57.26,1 - NGSL,
label,57.26,1 - NGSL,
root,57.26,1 - NGSL,
factory,57.25,1 - NGSL,
expense,57.25,1 - NGSL,
channel,57.25,1 - NGSL,
investigate,57.25,1 - NGSL,
recommendation,57.24,1 - NGSL,
rank,57.23,1 - NGSL,
typical,57.23,1 - NGSL,
west,57.23,1 - NGSL,
friendly,57.23,1 - NGSL,
resident,57.23,1 - NGSL,
provision,57.23,1 - NGSL,
concentrate,57.22,1 - NGSL,
plenty,57.22,1 - NGSL,
export,57.21,1 - NGSL,
entirely,57.21,1 - NGSL,
strongly,57.21,1 - NGSL,
bridge,57.20,1 - NGSL,
consist,57.20,1 - NGSL,
graduate,57.20,1 - NGSL,
brand,57.19,1 - NGSL,
moral,57.18,1 - NGSL,
insist,57.17,1 - NGSL,
combination,57.17,1 - NGSL,
abuse,57.17,1 - NGSL,
ice,57.16,1 - NGSL,
principal,57.16,1 - NGSL,
master,57.16,1 - NGSL,
definitely,57.16,1 - NGSL,
session,57.16,1 - NGSL,
grade,57.16,1 - NGSL,
nevertheless,57.16,1 - NGSL,
predict,57.15,1 - NGSL,
previously,57.14,1 - NGSL,
protection,57.14,1 - NGSL,
largely,57.14,1 - NGSL,
wed,57.13,1 - NGSL,
rent,57.13,1 - NGSL,
shot,57.12,1 - NGSL,
appearance,57.12,1 - NGSL,
reasonable,57.12,1 - NGSL,
guarantee,57.12,1 - NGSL,
till,57.12,1 - NGSL,
theme,57.11,1 - NGSL,
judgment,57.11,1 - NGSL,
odd,57.11,1 - NGSL,
approve,57.10,1 - NGSL,
loan,57.10,1 - NGSL,
definition,57.10,1 - NGSL,
elect,57.09,1 - NGSL,
atmosphere,57.08,1 - NGSL,
farmer,57.08,1 - NGSL,
comparison,57.07,1 - NGSL,
characteristic,57.07,1 - NGSL,
license,57.07,1 - NGSL,
rely,57.07,1 - NGSL,
narrow,57.07,1 - NGSL,
succeed,57.06,1 - NGSL,
identity,57.06,1 - NGSL,
desk,57.05,1 - NGSL,
permit,57.04,1 - NGSL,
seriously,57.04,1 - NGSL,
wild,57.03,1 - NGSL,
empty,57.03,1 - NGSL,
commission,57.02,1 - NGSL,
unique,57.02,1 - NGSL,
association,57.01,1 - NGSL,
instrument,57.01,1 - NGSL,
investor,57.01,1 - NGSL,
practical,57.01,1 - NGSL,
tea,57.00,1 - NGSL,
lovely,56.99,1 - NGSL,
soft,56.99,1 - NGSL,
row,56.99,1 - NGSL,
youth,56.99,1 - NGSL,
lock,56.98,1 - NGSL,
fuel,56.98,1 - NGSL,
expectation,56.98,1 - NGSL,
employment,56.98,1 - NGSL,
celebrate,56.97,1 - NGSL,
sexual,56.97,1 - NGSL,
shoulder,56.96,1 - NGSL,
breath,56.96,1 - NGSL,
increasingly,56.96,1 - NGSL,
import,56.95,1 - NGSL,
bottle,56.95,1 - NGSL,
ourselves,56.95,1 - NGSL,
sheet,56.94,1 - NGSL,
engine,56.94,1 - NGSL,
cast,56.93,1 - NGSL,
notion,56.93,1 - NGSL,
conservative,56.93,1 - NGSL,
journey,56.92,1 - NGSL,
opposition,56.92,1 - NGSL,
relief,56.92,1 - NGSL,
debt,56.92,1 - NGSL,
honor,56.91,1 - NGSL,
outcome,56.89,1 - NGSL,
blame,56.89,1 - NGSL,
explanation,56.89,1 - NGSL,
arise,56.89,1 - NGSL,
musical,56.88,1 - NGSL,
recover,56.87,1 - NGSL,
dad,56.87,1 - NGSL,
stretch,56.87,1 - NGSL,
declare,56.86,1 - NGSL,
retire,56.86,1 - NGSL,
tiny,56.85,1 - NGSL,
careful,56.84,1 - NGSL,
suitable,56.84,1 - NGSL,
native,56.84,1 - NGSL,
fruit,56.84,1 - NGSL,
analyze,56.83,1 - NGSL,
witness,56.83,1 - NGSL,
mail,56.83,1 - NGSL,
terrible,56.83,1 - NGSL,
researcher,56.82,1 - NGSL,
ordinary,56.80,1 - NGSL,
selection,56.78,1 - NGSL,
anywhere,56.78,1 - NGSL,
mental,56.78,1 - NGSL,
participant,56.77,1 - NGSL,
vision,56.76,1 - NGSL,
personality,56.76,1 - NGSL,
specifically,56.76,1 - NGSL,
fat,56.75,1 - NGSL,
entry,56.75,1 - NGSL,
fellow,56.75,1 - NGSL,
chemical,56.75,1 - NGSL,
capture,56.75,1 - NGSL,
tip,56.74,1 - NGSL,
discount,56.74,1 - NGSL,
peak,56.74,1 - NGSL,
chairman,56.73,1 - NGSL,
proportion,56.73,1 - NGSL,
ear,56.72,1 - NGSL,
disappear,56.71,1 - NGSL,
shout,56.71,1 - NGSL,
yard,56.71,1 - NGSL,
constant,56.71,1 - NGSL,
significantly,56.69,1 - NGSL,
hill,56.67,1 - NGSL,
considerable,56.67,1 - NGSL,
instruction,56.67,1 - NGSL,
intelligence,56.67,1 - NGSL,
ideal,56.66,1 - NGSL,
folk,56.66,1 - NGSL,
surely,56.66,1 - NGSL,
guard,56.66,1 - NGSL,
cat,56.65,1 - NGSL,
somewhat,56.65,1 - NGSL,
kiss,56.64,1 - NGSL,
presentation,56.64,1 - NGSL,
joint,56.64,1 - NGSL,
compete,56.64,1 - NGSL,
poll,56.64,1 - NGSL,
weak,56.63,1 - NGSL,
faith,56.63,1 - NGSL,
reduction,56.62,1 - NGSL,
reserve,56.61,1 - NGSL,
complaint,56.61,1 - NGSL,
bore,56.60,1 - NGSL,
mission,56.60,1 - NGSL,
somehow,56.59,1 - NGSL,
tone,56.59,1 - NGSL,
neighborhood,56.59,1 - NGSL,
passenger,56.59,1 - NGSL,
justice,56.58,1 - NGSL,
phase,56.58,1 - NGSL,
thin,56.58,1 - NGSL,
rush,56.58,1 - NGSL,
formal,56.57,1 - NGSL,
religion,56.57,1 - NGSL,
employer,56.57,1 - NGSL,
reject,56.56,1 - NGSL,
latter,56.56,1 - NGSL,
plate,56.56,1 - NGSL,
ban,56.55,1 - NGSL,
steal,56.55,1 - NGSL,
protest,56.55,1 - NGSL,
index,56.55,1 - NGSL,
sad,56.54,1 - NGSL,
frequently,56.54,1 - NGSL,
circle,56.54,1 - NGSL,
helpful,56.53,1 - NGSL,
command,56.53,1 - NGSL,
attractive,56.52,1 - NGSL,
sick,56.52,1 - NGSL,
impression,56.51,1 - NGSL,
unable,56.51,1 - NGSL,
joke,56.51,1 - NGSL,
sky,56.51,1 - NGSL,
column,56.51,1 - NGSL,
electronic,56.51,1 - NGSL,
impose,56.50,1 - NGSL,
criminal,56.49,1 - NGSL,
besides,56.47,1 - NGSL,
properly,56.46,1 - NGSL,
ancient,56.46,1 - NGSL,
coast,56.45,1 - NGSL,
ill,56.45,1 - NGSL,
kick,56.45,1 - NGSL,
closely,56.45,1 - NGSL,
multiple,56.45,1 - NGSL,
yield,56.44,1 - NGSL,
via,56.44,1 - NGSL,
legislation,56.44,1 - NGSL,
county,56.43,1 - NGSL,
unlike,56.42,1 - NGSL,
mobile,56.42,1 - NGSL,
assistant,56.42,1 - NGSL,
implement,56.41,1 - NGSL,
chart,56.41,1 - NGSL,
attach,56.40,1 - NGSL,
hell,56.40,1 - NGSL,
everywhere,56.39,1 - NGSL,
advise,56.39,1 - NGSL,
household,56.39,1 - NGSL,
acknowledge,56.39,1 - NGSL,
reward,56.38,1 - NGSL,
east,56.38,1 - NGSL,
hat,56.38,1 - NGSL,
academic,56.37,1 - NGSL,
voter,56.37,1 - NGSL,
meanwhile,56.36,1 - NGSL,
furthermore,56.36,1 - NGSL,
accuse,56.36,1 - NGSL,
scientific,56.35,1 - NGSL,
wage,56.35,1 - NGSL,
absence,56.35,1 - NGSL,
construct,56.33,1 - NGSL,
remark,56.33,1 - NGSL,
medicine,56.33,1 - NGSL,
professor,56.33,1 - NGSL,
rare,56.33,1 - NGSL,
intention,56.33,1 - NGSL,
dozen,56.32,1 - NGSL,
settlement,56.32,1 - NGSL,
gap,56.32,1 - NGSL,
widely,56.30,1 - NGSL,
minimum,56.30,1 - NGSL,
northern,56.30,1 - NGSL,
estate,56.30,1 - NGSL,
equally,56.29,1 - NGSL,
expose,56.29,1 - NGSL,
alive,56.29,1 - NGSL,
shut,56.28,1 - NGSL,
victory,56.27,1 - NGSL,
resolve,56.27,1 - NGSL,
critic,56.27,1 - NGSL,
variable,56.26,1 - NGSL,
enormous,56.26,1 - NGSL,
sweet,56.26,1 - NGSL,
permanent,56.25,1 - NGSL,
emotion,56.25,1 - NGSL,
pursue,56.25,1 - NGSL,
tall,56.24,1 - NGSL,
urge,56.24,1 - NGSL,
enemy,56.24,1 - NGSL,
appoint,56.23,1 - NGSL,
milk,56.23,1 - NGSL,
talent,56.23,1 - NGSL,
smell,56.22,1 - NGSL,
prior,56.22,1 - NGSL,
priority,56.22,1 - NGSL,
online,56.22,1 - NGSL,
phrase,56.19,1 - NGSL,
pilot,56.19,1 - NGSL,
stable,56.19,1 - NGSL,
merely,56.18,1 - NGSL,
resolution,56.18,1 - NGSL,
communicate,56.18,1 - NGSL,
injury,56.17,1 - NGSL,
vast,56.17,1 - NGSL,
exhibition,56.17,1 - NGSL,
producer,56.17,1 - NGSL,
regional,56.17,1 - NGSL,
immediate,56.16,1 - NGSL,
incident,56.16,1 - NGSL,
childhood,56.16,1 - NGSL,
draft,56.16,1 - NGSL,
slip,56.16,1 - NGSL,
accompany,56.16,1 - NGSL,
politician,56.15,1 - NGSL,
angry,56.15,1 - NGSL,
knock,56.15,1 - NGSL,
seed,56.15,1 - NGSL,
salary,56.15,1 - NGSL,
illustrate,56.13,1 - NGSL,
imply,56.13,1 - NGSL,
breakfast,56.13,1 - NGSL,
temporary,56.12,1 - NGSL,
liberal,56.12,1 - NGSL,
lake,56.11,1 - NGSL,
qualify,56.11,1 - NGSL,
competitive,56.10,1 - NGSL,
truly,56.09,1 - NGSL,
hi,56.08,1 - NGSL,
yellow,56.08,1 - NGSL,
habit,56.08,1 - NGSL,
disk,56.08,1 - NGSL,
core,56.08,1 - NGSL,
emotional,56.08,1 - NGSL,
aircraft,56.07,1 - NGSL,
self,56.07,1 - NGSL,
metal,56.07,1 - NGSL,
existence,56.07,1 - NGSL,
bone,56.06,1 - NGSL,
panel,56.05,1 - NGSL,
prime,56.05,1 - NGSL,
appointment,56.04,1 - NGSL,
emphasize,56.03,1 - NGSL,
maximum,56.03,1 - NGSL,
effectively,56.02,1 - NGSL,
elsewhere,56.01,1 - NGSL,
bother,56.01,1 - NGSL,
initiative,56.01,1 - NGSL,
sharp,56.01,1 - NGSL,
diet,56.00,1 - NGSL,
motion,56.00,1 - NGSL,
gray,56.00,1 - NGSL,
plastic,56.00,1 - NGSL,
complicate,55.99,1 - NGSL,
discipline,55.99,1 - NGSL,
disappoint,55.99,1 - NGSL,
boss,55.98,1 - NGSL,
assumption,55.98,1 - NGSL,
freeze,55.98,1 - NGSL,
extreme,55.98,1 - NGSL,
passage,55.98,1 - NGSL,
reputation,55.98,1 - NGSL,
forth,55.98,1 - NGSL,
negotiation,55.97,1 - NGSL,
mechanism,55.96,1 - NGSL,
coat,55.96,1 - NGSL,
democracy,55.96,1 - NGSL,
pocket,55.96,1 - NGSL,
lucky,55.96,1 - NGSL,
crash,55.96,1 - NGSL,
observation,55.96,1 - NGSL,
meat,55.95,1 - NGSL,
concentration,55.95,1 - NGSL,
implication,55.95,1 - NGSL,
deserve,55.94,1 - NGSL,
unusual,55.94,1 - NGSL,
defend,55.94,1 - NGSL,
classic,55.93,1 - NGSL,
king,55.93,1 - NGSL,
interaction,55.92,1 - NGSL,
repair,55.92,1 - NGSL,
collapse,55.92,1 - NGSL,
borrow,55.92,1 - NGSL,
fundamental,55.90,1 - NGSL,
dish,55.89,1 - NGSL,
abroad,55.89,1 - NGSL,
soul,55.89,1 - NGSL,
capable,55.88,1 - NGSL,
defeat,55.88,1 - NGSL,
presidential,55.87,1 - NGSL,
perfectly,55.87,1 - NGSL,
enhance,55.87,1 - NGSL,
proud,55.87,1 - NGSL,
emergency,55.87,1 - NGSL,
educational,55.87,1 - NGSL,
distinguish,55.86,1 - NGSL,
substantial,55.86,1 - NGSL,
nearby,55.85,1 - NGSL,
manufacturer,55.85,1 - NGSL,
slide,55.85,1 - NGSL,
valuable,55.85,1 - NGSL,
personally,55.85,1 - NGSL,
breast,55.85,1 - NGSL,
cope,55.83,1 - NGSL,
approximately,55.83,1 - NGSL,
accommodation,55.83,1 - NGSL,
highlight,55.83,1 - NGSL,
reporter,55.83,1 - NGSL,
climate,55.83,1 - NGSL,
shirt,55.82,1 - NGSL,
exception,55.82,1 - NGSL,
corporation,55.82,1 - NGSL,
chip,55.81,1 - NGSL,
winner,55.81,1 - NGSL,
encounter,55.81,1 - NGSL,
brown,55.81,1 - NGSL,
breathe,55.81,1 - NGSL,
excuse,55.80,1 - NGSL,
partly,55.80,1 - NGSL,
tennis,55.79,1 - NGSL,
urban,55.79,1 - NGSL,
confuse,55.79,1 - NGSL,
southern,55.79,1 - NGSL,
output,55.79,1 - NGSL,
beauty,55.79,1 - NGSL,
massive,55.79,1 - NGSL,
install,55.78,1 - NGSL,
calculate,55.78,1 - NGSL,
mouse,55.78,1 - NGSL,
mathematics,55.77,1 - NGSL,
upper,55.77,1 - NGSL,
creation,55.76,1 - NGSL,
occupy,55.76,1 - NGSL,
outline,55.76,1 - NGSL,
sufficient,55.76,1 - NGSL,
update,55.76,1 - NGSL,
luck,55.75,1 - NGSL,
preserve,55.75,1 - NGSL,
split,55.75,1 - NGSL,
swing,55.75,1 - NGSL,
illness,55.75,1 - NGSL,
journalist,55.75,1 - NGSL,
sudden,55.75,1 - NGSL,
advertisement,55.74,1 - NGSL,
consistent,55.74,1 - NGSL,
originally,55.73,1 - NGSL,
aside,55.73,1 - NGSL,
comfort,55.71,1 - NGSL,
secondly,55.71,1 - NGSL,
severe,55.70,1 - NGSL,
gene,55.70,1 - NGSL,
prospect,55.70,1 - NGSL,
snow,55.70,1 - NGSL,
plot,55.70,1 - NGSL,
neck,55.69,1 - NGSL,
criterion,55.67,1 - NGSL,
primarily,55.67,1 - NGSL,
integrate,55.67,1 - NGSL,
criticism,55.66,1 - NGSL,
convention,55.66,1 - NGSL,
bet,55.66,1 - NGSL,
retain,55.66,1 - NGSL,
sequence,55.66,1 - NGSL,
plain,55.65,1 - NGSL,
volunteer,55.64,1 - NGSL,
rural,55.64,1 - NGSL,
calm,55.64,1 - NGSL,
abandon,55.64,1 - NGSL,
examination,55.64,1 - NGSL,
silence,55.64,1 - NGSL,
rapidly,55.63,1 - NGSL,
efficient,55.62,1 - NGSL,
revolution,55.62,1 - NGSL,
delight,55.62,1 - NGSL,
spell,55.61,1 - NGSL,
premise,55.61,1 - NGSL,
lean,55.60,1 - NGSL,
dramatic,55.60,1 - NGSL,
differ,55.59,1 - NGSL,
grateful,55.59,1 - NGSL,
protein,55.59,1 - NGSL,
bike,55.59,1 - NGSL,
distribute,55.58,1 - NGSL,
intellectual,55.58,1 - NGSL,
derive,55.58,1 - NGSL,
crucial,55.58,1 - NGSL,
unemployment,55.57,1 - NGSL,
wheel,55.57,1 - NGSL,
crop,55.57,1 - NGSL,
minority,55.57,1 - NGSL,
origin,55.57,1 - NGSL,
interpretation,55.57,1 - NGSL,
gentleman,55.56,1 - NGSL,
drama,55.56,1 - NGSL,
landscape,55.56,1 - NGSL,
educate,55.56,1 - NGSL,
toy,55.55,1 - NGSL,
fault,55.55,1 - NGSL,
exhibit,55.55,1 - NGSL,
minor,55.54,1 - NGSL,
hunt,55.53,1 - NGSL,
storm,55.53,1 - NGSL,
thick,55.53,1 - NGSL,
achievement,55.53,1 - NGSL,
negotiate,55.53,1 - NGSL,
dominate,55.52,1 - NGSL,
supplier,55.51,1 - NGSL,
prize,55.51,1 - NGSL,
typically,55.51,1 - NGSL,
peer,55.51,1 - NGSL,
pension,55.51,1 - NGSL,
wing,55.51,1 - NGSL,
acquisition,55.51,1 - NGSL,
laughter,55.50,1 - NGSL,
deeply,55.50,1 - NGSL,
recognition,55.50,1 - NGSL,
electricity,55.50,1 - NGSL,
assistance,55.50,1 - NGSL,
roof,55.50,1 - NGSL,
retirement,55.50,1 - NGSL,
respectively,55.49,1 - NGSL,
variation,55.49,1 - NGSL,
ultimately,55.49,1 - NGSL,
proof,55.48,1 - NGSL,
soil,55.48,1 - NGSL,
smart,55.48,1 - NGSL,
layer,55.48,1 - NGSL,
upset,55.48,1 - NGSL,
tooth,55.47,1 - NGSL,
representation,55.47,1 - NGSL,
preparation,55.47,1 - NGSL,
dispute,55.47,1 - NGSL,
agenda,55.46,1 - NGSL,
emphasis,55.46,1 - NGSL,
edition,55.46,1 - NGSL,
silver,55.46,1 - NGSL,
entertainment,55.46,1 - NGSL,
honest,55.46,1 - NGSL,
undertake,55.44,1 - NGSL,
retail,55.44,1 - NGSL,
wire,55.44,1 - NGSL,
unlikely,55.44,1 - NGSL,
gay,55.43,1 - NGSL,
publication,55.43,1 - NGSL,
slight,55.43,1 - NGSL,
unknown,55.43,1 - NGSL,
framework,55.42,1 - NGSL,
zone,55.42,1 - NGSL,
restrict,55.42,1 - NGSL,
trace,55.41,1 - NGSL,
inch,55.41,1 - NGSL,
equivalent,55.41,1 - NGSL,
solid,55.39,1 - NGSL,
enterprise,55.39,1 - NGSL,
elderly,55.39,1 - NGSL,
owe,55.39,1 - NGSL,
governor,55.38,1 - NGSL,
uniform,55.38,1 - NGSL,
port,55.37,1 - NGSL,
pitch,55.37,1 - NGSL,
arrival,55.37,1 - NGSL,
contemporary,55.36,1 - NGSL,
gate,55.36,1 - NGSL,
ease,55.36,1 - NGSL,
beer,55.36,1 - NGSL,
specialist,55.35,1 - NGSL,
assure,55.35,1 - NGSL,
profile,55.35,1 - NGSL,
mood,55.34,1 - NGSL,
episode,55.34,1 - NGSL,
crack,55.33,1 - NGSL,
numerous,55.33,1 - NGSL,
submit,55.32,1 - NGSL,
symptom,55.32,1 - NGSL,
virtually,55.31,1 - NGSL,
era,55.31,1 - NGSL,
coverage,55.30,1 - NGSL,
tension,55.30,1 - NGSL,
cable,55.29,1 - NGSL,
sensitive,55.29,1 - NGSL,
nervous,55.29,1 - NGSL,
input,55.29,1 - NGSL,
isolate,55.28,1 - NGSL,
prisoner,55.27,1 - NGSL,
eliminate,55.27,1 - NGSL,
tight,55.27,1 - NGSL,
wet,55.27,1 - NGSL,
secondary,55.26,1 - NGSL,
welfare,55.26,1 - NGSL,
recruit,55.26,1 - NGSL,
exclude,55.25,1 - NGSL,
string,55.25,1 - NGSL,
cloud,55.25,1 - NGSL,
persuade,55.25,1 - NGSL,
inspire,55.24,1 - NGSL,
grand,55.24,1 - NGSL,
hence,55.24,1 - NGSL,
crew,55.23,1 - NGSL,
phenomenon,55.23,1 - NGSL,
pupil,55.23,1 - NGSL,
false,55.23,1 - NGSL,
assist,55.22,1 - NGSL,
restore,55.22,1 - NGSL,
formula,55.21,1 - NGSL,
alter,55.21,1 - NGSL,
perceive,55.20,1 - NGSL,
routine,55.20,1 - NGSL,
sink,55.19,1 - NGSL,
stare,55.19,1 - NGSL,
anymore,55.19,1 - NGSL,
hero,55.18,1 - NGSL,
supporter,55.18,1 - NGSL,
convert,55.18,1 - NGSL,
steady,55.18,1 - NGSL,
meter,55.17,1 - NGSL,
truck,55.17,1 - NGSL,
nose,55.17,1 - NGSL,
beside,55.17,1 - NGSL,
sail,55.17,1 - NGSL,
disaster,55.17,1 - NGSL,
pace,55.17,1 - NGSL,
heavily,55.17,1 - NGSL,
devote,55.16,1 - NGSL,
terrorist,55.16,1 - NGSL,
justify,55.16,1 - NGSL,
vital,55.16,1 - NGSL,
fascinate,55.16,1 - NGSL,
external,55.15,1 - NGSL,
spare,55.15,1 - NGSL,
whenever,55.15,1 - NGSL,
depression,55.14,1 - NGSL,
guilty,55.14,1 - NGSL,
underlie,55.14,1 - NGSL,
mom,55.14,1 - NGSL,
distinction,55.14,1 - NGSL,
satisfaction,55.14,1 - NGSL,
incorporate,55.14,1 - NGSL,
pour,55.14,1 - NGSL,
sweep,55.13,1 - NGSL,
obligation,55.13,1 - NGSL,
sir,55.12,1 - NGSL,
evaluate,55.11,1 - NGSL,
anger,55.10,1 - NGSL,
pub,55.10,1 - NGSL,
perception,55.10,1 - NGSL,
naturally,55.09,1 - NGSL,
currency,55.09,1 - NGSL,
database,55.09,1 - NGSL,
initially,55.09,1 - NGSL,
territory,55.08,1 - NGSL,
stream,55.08,1 - NGSL,
rarely,55.08,1 - NGSL,
height,55.07,1 - NGSL,
apparent,55.07,1 - NGSL,
western,55.07,1 - NGSL,
expansion,55.06,1 - NGSL,
constantly,55.06,1 - NGSL,
muscle,55.06,1 - NGSL,
scare,55.06,1 - NGSL,
badly,55.05,1 - NGSL,
everyday,55.05,1 - NGSL,
boundary,55.05,1 - NGSL,
ratio,55.05,1 - NGSL,
essay,55.05,1 - NGSL,
scream,55.04,1 - NGSL,
withdraw,55.03,1 - NGSL,
pollution,55.03,1 - NGSL,
disorder,55.03,1 - NGSL,
furniture,55.02,1 - NGSL,
symbol,55.01,1 - NGSL,
apartment,55.01,1 - NGSL,
demonstration,55.01,1 - NGSL,
analyst,55.00,1 - NGSL,
platform,54.99,1 - NGSL,
steel,54.99,1 - NGSL,
cake,54.99,1 - NGSL,
transform,54.99,1 - NGSL,
wound,54.98,1 - NGSL,
restriction,54.98,1 - NGSL,
foundation,54.98,1 - NGSL,
designer,54.98,1 - NGSL,
strain,54.98,1 - NGSL,
innovation,54.97,1 - NGSL,
album,54.97,1 - NGSL,
singer,54.97,1 - NGSL,
trail,54.96,1 - NGSL,
trap,54.96,1 - NGSL,
loose,54.96,1 - NGSL,
extension,54.95,1 - NGSL,
wealth,54.95,1 - NGSL,
gradually,54.95,1 - NGSL,
tank,54.95,1 - NGSL,
evil,54.94,1 - NGSL,
remarkable,54.94,1 - NGSL,
tune,54.94,1 - NGSL,
grass,54.94,1 - NGSL,
invitation,54.94,1 - NGSL,
transition,54.94,1 - NGSL,
frighten,54.93,1 - NGSL,
bid,54.93,1 - NGSL,
breed,54.93,1 - NGSL,
extraordinary,54.93,1 - NGSL,
brilliant,54.93,1 - NGSL,
adviser,54.93,1 - NGSL,
stem,54.93,1 - NGSL,
reverse,54.92,1 - NGSL,
mode,54.92,1 - NGSL,
mirror,54.92,1 - NGSL,
awful,54.92,1 - NGSL,
pose,54.92,1 - NGSL,
adjust,54.92,1 - NGSL,
creative,54.91,1 - NGSL,
nowadays,54.91,1 - NGSL,
poem,54.91,1 - NGSL,
agricultural,54.91,1 - NGSL,
competitor,54.91,1 - NGSL,
alcohol,54.91,1 - NGSL,
festival,54.90,1 - NGSL,
vegetable,54.90,1 - NGSL,
van,54.90,1 - NGSL,
confident,54.90,1 - NGSL,
planet,54.88,1 - NGSL,
curve,54.88,1 - NGSL,
knee,54.88,1 - NGSL,
overcome,54.88,1 - NGSL,
web,54.87,1 - NGSL,
depth,54.87,1 - NGSL,
entrance,54.86,1 - NGSL,
log,54.86,1 - NGSL,
giant,54.86,1 - NGSL,
god,54.85,1 - NGSL,
portion,54.85,1 - NGSL,
substance,54.85,1 - NGSL,
extensive,54.85,1 - NGSL,
interpret,54.84,1 - NGSL,
independence,54.83,1 - NGSL,
sugar,54.83,1 - NGSL,
inner,54.83,1 - NGSL,
harm,54.82,1 - NGSL,
consult,54.82,1 - NGSL,
pink,54.81,1 - NGSL,
shadow,54.81,1 - NGSL,
strip,54.81,1 - NGSL,
smooth,54.81,1 - NGSL,
intervention,54.81,1 - NGSL,
impress,54.81,1 - NGSL,
exam,54.81,1 - NGSL,
vice,54.81,1 - NGSL,
radical,54.80,1 - NGSL,
similarly,54.80,1 - NGSL,
behave,54.80,1 - NGSL,
loud,54.80,1 - NGSL,
dimension,54.80,1 - NGSL,
subsequent,54.79,1 - NGSL,
infection,54.79,1 - NGSL,
jacket,54.78,1 - NGSL,
efficiency,54.78,1 - NGSL,
dirty,54.78,1 - NGSL,
statistic,54.78,1 - NGSL,
regularly,54.78,1 - NGSL,
resort,54.78,1 - NGSL,
iron,54.77,1 - NGSL,
broadcast,54.77,1 - NGSL,
membership,54.77,1 - NGSL,
bread,54.77,1 - NGSL,
blind,54.77,1 - NGSL,
pure,54.76,1 - NGSL,
bloody,54.76,1 - NGSL,
ally,54.76,1 - NGSL,
quantity,54.76,1 - NGSL,
bend,54.76,1 - NGSL,
mature,54.75,1 - NGSL,
briefly,54.75,1 - NGSL,
alarm,54.75,1 - NGSL,
disturb,54.74,1 - NGSL,
sustain,54.74,1 - NGSL,
flood,54.74,1 - NGSL,
poverty,54.73,1 - NGSL,
crazy,54.73,1 - NGSL,
cite,54.73,1 - NGSL,
newly,54.72,1 - NGSL,
parallel,54.72,1 - NGSL,
gender,54.72,1 - NGSL,
sponsor,54.72,1 - NGSL,
boot,54.71,1 - NGSL,
accurate,54.70,1 - NGSL,
dealer,54.69,1 - NGSL,
button,54.69,1 - NGSL,
burden,54.69,1 - NGSL,
desert,54.69,1 - NGSL,
mate,54.69,1 - NGSL,
occasionally,54.68,1 - NGSL,
shareholder,54.68,1 - NGSL,
bowl,54.67,1 - NGSL,
discovery,54.67,1 - NGSL,
resistance,54.67,1 - NGSL,
bath,54.66,1 - NGSL,
frequency,54.66,1 - NGSL,
criticize,54.66,1 - NGSL,
tap,54.65,1 - NGSL,
philosophy,54.65,1 - NGSL,
lip,54.64,1 - NGSL,
attribute,54.64,1 - NGSL,
apologize,54.64,1 - NGSL,
approval,54.63,1 - NGSL,
grab,54.63,1 - NGSL,
entitle,54.63,1 - NGSL,
lend,54.63,1 - NGSL,
involvement,54.63,1 - NGSL,
exposure,54.63,1 - NGSL,
conventional,54.62,1 - NGSL,
digital,54.62,1 - NGSL,
translate,54.61,1 - NGSL,
edit,54.60,1 - NGSL,
formation,54.60,1 - NGSL,
deposit,54.60,1 - NGSL,
pleasant,54.58,1 - NGSL,
overseas,54.58,1 - NGSL,
advocate,54.58,1 - NGSL,
establishment,54.57,1 - NGSL,
summary,54.56,1 - NGSL,
rough,54.56,1 - NGSL,
pen,54.55,1 - NGSL,
recovery,54.55,1 - NGSL,
seal,54.55,1 - NGSL,
tube,54.55,1 - NGSL,
tower,54.54,1 - NGSL,
characterize,54.54,1 - NGSL,
specify,54.53,1 - NGSL,
exact,54.52,1 - NGSL,
spin,54.52,1 - NGSL,
operator,54.51,1 - NGSL,
infant,54.51,1 - NGSL,
dig,54.50,1 - NGSL,
drag,54.50,1 - NGSL,
mount,54.50,1 - NGSL,
wrap,54.50,1 - NGSL,
anticipate,54.50,1 - NGSL,
dependent,54.50,1 - NGSL,
specialize,54.50,1 - NGSL,
angle,54.49,1 - NGSL,
chicken,54.49,1 - NGSL,
anxiety,54.49,1 - NGSL,
virus,54.48,1 - NGSL,
precisely,54.48,1 - NGSL,
rival,54.48,1 - NGSL,
offense,54.48,1 - NGSL,
detect,54.48,1 - NGSL,
teenager,54.47,1 - NGSL,
admire,54.47,1 - NGSL,
moderate,54.46,1 - NGSL,
surgery,54.46,1 - NGSL,
musician,54.46,1 - NGSL,
significance,54.46,1 - NGSL,
shower,54.45,1 - NGSL,
illegal,54.45,1 - NGSL,
charity,54.44,1 - NGSL,
universal,54.44,1 - NGSL,
cigarette,54.44,1 - NGSL,
constitute,54.44,1 - NGSL,
adequate,54.44,1 - NGSL,
consultant,54.44,1 - NGSL,
historian,54.44,1 - NGSL,
cousin,54.43,1 - NGSL,
visual,54.43,1 - NGSL,
stupid,54.43,1 - NGSL,
keen,54.42,1 - NGSL,
ethnic,54.41,1 - NGSL,
twin,54.41,1 - NGSL,
clinical,54.41,1 - NGSL,
eastern,54.40,1 - NGSL,
forecast,54.40,1 - NGSL,
segment,54.40,1 - NGSL,
custom,54.40,1 - NGSL,
adapt,54.40,1 - NGSL,
sand,54.39,1 - NGSL,
cap,54.39,1 - NGSL,
prompt,54.38,1 - NGSL,
charm,54.38,1 - NGSL,
react,54.38,1 - NGSL,
lecture,54.37,1 - NGSL,
venture,54.37,1 - NGSL,
compound,54.37,1 - NGSL,
rescue,54.37,1 - NGSL,
mess,54.36,1 - NGSL,
preference,54.36,1 - NGSL,
comprehensive,54.35,1 - NGSL,
incentive,54.35,1 - NGSL,
league,54.33,1 - NGSL,
dialog,54.33,1 - NGSL,
cream,54.33,1 - NGSL,
rapid,54.32,1 - NGSL,
cancel,54.32,1 - NGSL,
regret,54.32,1 - NGSL,
dismiss,54.32,1 - NGSL,
margin,54.32,1 - NGSL,
beneath,54.32,1 - NGSL,
opponent,54.31,1 - NGSL,
resist,54.30,1 - NGSL,
capability,54.30,1 - NGSL,
absolute,54.30,1 - NGSL,
correspond,54.30,1 - NGSL,
stroke,54.30,1 - NGSL,
dare,54.30,1 - NGSL,
barrier,54.30,1 - NGSL,
rid,54.29,1 - NGSL,
divorce,54.27,1 - NGSL,
ruin,54.26,1 - NGSL,
bury,54.26,1 - NGSL,
counsel,54.26,1 - NGSL,
tendency,54.26,1 - NGSL,
frequent,54.26,1 - NGSL,
motor,54.25,1 - NGSL,
survival,54.25,1 - NGSL,
counter,54.25,1 - NGSL,
possess,54.25,1 - NGSL,
permission,54.24,1 - NGSL,
valley,54.24,1 - NGSL,
float,54.24,1 - NGSL,
mad,54.24,1 - NGSL,
greatly,54.23,1 - NGSL,
visible,54.23,1 - NGSL,
electric,54.23,1 - NGSL,
impressive,54.22,1 - NGSL,
evolution,54.21,1 - NGSL,
awareness,54.21,1 - NGSL,
violent,54.21,1 - NGSL,
slave,54.21,1 - NGSL,
wealthy,54.21,1 - NGSL,
architecture,54.21,1 - NGSL,
acceptable,54.21,1 - NGSL,
journal,54.21,1 - NGSL,
coal,54.21,1 - NGSL,
measurement,54.21,1 - NGSL,
random,54.21,1 - NGSL,
successfully,54.19,1 - NGSL,
depress,54.19,1 - NGSL,
illustration,54.18,1 - NGSL,
burst,54.18,1 - NGSL,
privilege,54.18,1 - NGSL,
buyer,54.18,1 - NGSL,
mutual,54.18,1 - NGSL,
rail,54.17,1 - NGSL,
motivate,54.16,1 - NGSL,
laboratory,54.15,1 - NGSL,
mortgage,54.15,1 - NGSL,
promotion,54.14,1 - NGSL,
passion,54.14,1 - NGSL,
champion,54.13,1 - NGSL,
fulfill,54.13,1 - NGSL,
dust,54.13,1 - NGSL,
dedicate,54.12,1 - NGSL,
roughly,54.12,1 - NGSL,
skirt,54.12,1 - NGSL,
province,54.12,1 - NGSL,
march,54.11,1 - NGSL,
evaluation,54.11,1 - NGSL,
compromise,54.11,1 - NGSL,
accomplish,54.11,1 - NGSL,
weakness,54.11,1 - NGSL,
announcement,54.11,1 - NGSL,
salt,54.11,1 - NGSL,
glance,54.10,1 - NGSL,
opera,54.10,1 - NGSL,
contest,54.10,1 - NGSL,
brush,54.10,1 - NGSL,
embarrass,54.09,1 - NGSL,
gallery,54.09,1 - NGSL,
genetic,54.09,1 - NGSL,
aggressive,54.09,1 - NGSL,
chest,54.09,1 - NGSL,
format,54.08,1 - NGSL,
literary,54.08,1 - NGSL,
govern,54.08,1 - NGSL,
embrace,54.06,1 - NGSL,
praise,54.05,1 - NGSL,
silent,54.05,1 - NGSL,
pump,54.04,1 - NGSL,
publisher,54.04,1 - NGSL,
celebration,54.04,1 - NGSL,
golf,54.04,1 - NGSL,
compensation,54.04,1 - NGSL,
classical,54.04,1 - NGSL,
weigh,54.03,1 - NGSL,
versus,54.03,1 - NGSL,
deficit,54.02,1 - NGSL,
modify,54.02,1 - NGSL,
flash,54.02,1 - NGSL,
friendship,54.02,1 - NGSL,
profession,54.01,1 - NGSL,
literally,54.01,1 - NGSL,
equation,54.01,1 - NGSL,
gesture,54.01,1 - NGSL,
entertain,54.00,1 - NGSL,
fantastic,54.00,1 - NGSL,
assign,54.00,1 - NGSL,
inflation,54.00,1 - NGSL,
historic,54.00,1 - NGSL,
injure,53.98,1 - NGSL,
remote,53.98,1 - NGSL,
therapy,53.97,1 - NGSL,
orange,53.97,1 - NGSL,
twist,53.97,1 - NGSL,
personnel,53.97,1 - NGSL,
imagination,53.96,1 - NGSL,
disagree,53.96,1 - NGSL,
throat,53.95,1 - NGSL,
insight,53.94,1 - NGSL,
tackle,53.94,1 - NGSL,
forever,53.93,1 - NGSL,
exceed,53.93,1 - NGSL,
expenditure,53.93,1 - NGSL,
joy,53.92,1 - NGSL,
pregnant,53.91,1 - NGSL,
reliable,53.91,1 - NGSL,
gear,53.91,1 - NGSL,
poet,53.91,1 - NGSL,
fortune,53.91,1 - NGSL,
ceremony,53.90,1 - NGSL,
pile,53.90,1 - NGSL,
pig,53.89,1 - NGSL,
mixture,53.89,1 - NGSL,
automatically,53.88,1 - NGSL,
scholar,53.87,1 - NGSL,
psychological,53.87,1 - NGSL,
dramatically,53.87,1 - NGSL,
stake,53.87,1 - NGSL,
creature,53.87,1 - NGSL,
partnership,53.87,1 - NGSL,
participation,53.86,1 - NGSL,
clause,53.86,1 - NGSL,
penalty,53.86,1 - NGSL,
chamber,53.86,1 - NGSL,
fancy,53.86,1 - NGSL,
poetry,53.86,1 - NGSL,
chat,53.85,1 - NGSL,
clothing,53.85,1 - NGSL,
evolve,53.85,1 - NGSL,
sake,53.85,1 - NGSL,
shelf,53.84,1 - NGSL,
boost,53.84,1 - NGSL,
tail,53.83,1 - NGSL,
possession,53.83,1 - NGSL,
abortion,53.83,1 - NGSL,
curious,53.83,1 - NGSL,
wooden,53.82,1 - NGSL,
boom,53.82,1 - NGSL,
tale,53.82,1 - NGSL,
democratic,53.81,1 - NGSL,
maintenance,53.80,1 - NGSL,
consequently,53.80,1 - NGSL,
pot,53.80,1 - NGSL,
cow,53.79,1 - NGSL,
strengthen,53.79,1 - NGSL,
whilst,53.79,1 - NGSL,
constraint,53.79,1 - NGSL,
fold,53.79,1 - NGSL,
bin,53.79,1 - NGSL,
undergo,53.79,1 - NGSL,
potentially,53.78,1 - NGSL,
scope,53.78,1 - NGSL,
pretend,53.78,1 - NGSL,
diversity,53.77,1 - NGSL,
allege,53.77,1 - NGSL,
pride,53.76,1 - NGSL,
intense,53.76,1 - NGSL,
inquiry,53.75,1 - NGSL,
resign,53.75,1 - NGSL,
craft,53.75,1 - NGSL,
strict,53.75,1 - NGSL,
concrete,53.74,1 - NGSL,
shell,53.74,1 - NGSL,
damn,53.72,1 - NGSL,
distinct,53.72,1 - NGSL,
humor,53.71,1 - NGSL,
limitation,53.71,1 - NGSL,
indication,53.71,1 - NGSL,
stability,53.70,1 - NGSL,
wise,53.70,1 - NGSL,
neglect,53.70,1 - NGSL,
compose,53.70,1 - NGSL,
jail,53.70,1 - NGSL,
shelter,53.69,1 - NGSL,
mere,53.69,1 - NGSL,
carbon,53.69,1 - NGSL,
regulate,53.69,1 - NGSL,
cheese,53.68,1 - NGSL,
trigger,53.68,1 - NGSL,
pipe,53.67,1 - NGSL,
destruction,53.67,1 - NGSL,
guitar,53.67,1 - NGSL,
flag,53.67,1 - NGSL,
piano,53.66,1 - NGSL,
magic,53.66,1 - NGSL,
mystery,53.66,1 - NGSL,
ski,53.66,1 - NGSL,
whisper,53.65,1 - NGSL,
rear,53.65,1 - NGSL,
menu,53.65,1 - NGSL,
species,53.64,1 - NGSL,
moon,53.64,1 - NGSL,
presumably,53.64,1 - NGSL,
bless,53.64,1 - NGSL,
airline,53.64,1 - NGSL,
amendment,53.63,1 - NGSL,
grandmother,53.63,1 - NGSL,
jury,53.62,1 - NGSL,
cooperation,53.62,1 - NGSL,
civilian,53.61,1 - NGSL,
composition,53.61,1 - NGSL,
coin,53.60,1 - NGSL,
regardless,53.60,1 - NGSL,
scan,53.59,1 - NGSL,
bunch,53.59,1 - NGSL,
racial,53.58,1 - NGSL,
greet,53.58,1 - NGSL,
hopefully,53.58,1 - NGSL,
sanction,53.58,1 - NGSL,
trick,53.58,1 - NGSL,
paragraph,53.58,1 - NGSL,
maker,53.57,1 - NGSL,
chocolate,53.56,1 - NGSL,
stimulate,53.56,1 - NGSL,
belt,53.56,1 - NGSL,
potato,53.55,1 - NGSL,
narrative,53.55,1 - NGSL,
tissue,53.55,1 - NGSL,
barely,53.54,1 - NGSL,
invent,53.54,1 - NGSL,
tourism,53.54,1 - NGSL,
pro,53.53,1 - NGSL,
stair,53.53,1 - NGSL,
hesitate,53.52,1 - NGSL,
shine,53.52,1 - NGSL,
motivation,53.52,1 - NGSL,
romantic,53.51,1 - NGSL,
firmly,53.51,1 - NGSL,
interior,53.51,1 - NGSL,
stomach,53.51,1 - NGSL,
nowhere,53.50,1 - NGSL,
pray,53.49,1 - NGSL,
championship,53.48,1 - NGSL,
servant,53.48,1 - NGSL,
immigrant,53.48,1 - NGSL,
excess,53.48,1 - NGSL,
complexity,53.47,1 - NGSL,
liability,53.47,1 - NGSL,
surprisingly,53.46,1 - NGSL,
extract,53.46,1 - NGSL,
implementation,53.45,1 - NGSL,
bias,53.44,1 - NGSL,
differently,53.44,1 - NGSL,
catalog,53.43,1 - NGSL,
continuous,53.43,1 - NGSL,
golden,53.42,1 - NGSL,
stamp,53.42,1 - NGSL,
guideline,53.41,1 - NGSL,
envelope,53.41,1 - NGSL,
knife,53.41,1 - NGSL,
biological,53.40,1 - NGSL,
consume,53.40,1 - NGSL,
luxury,53.39,1 - NGSL,
weekly,53.39,1 - NGSL,
wherever,53.39,1 - NGSL,
bite,53.38,1 - NGSL,
printer,53.38,1 - NGSL,
firstly,53.38,1 - NGSL,
anxious,53.38,1 - NGSL,
adventure,53.38,1 - NGSL,
fence,53.37,1 - NGSL,
exhaust,53.36,1 - NGSL,
attraction,53.36,1 - NGSL,
ocean,53.36,1 - NGSL,
quietly,53.36,1 - NGSL,
castle,53.36,1 - NGSL,
veteran,53.35,1 - NGSL,
reflection,53.35,1 - NGSL,
nerve,53.35,1 - NGSL,
determination,53.34,1 - NGSL,
altogether,53.34,1 - NGSL,
fiction,53.33,1 - NGSL,
carpet,53.31,1 - NGSL,
cluster,53.31,1 - NGSL,
confusion,53.29,1 - NGSL,
hurry,53.29,1 - NGSL,
logic,53.29,1 - NGSL,
controversial,53.28,1 - NGSL,
raw,53.28,1 - NGSL,
grammar,53.26,1 - NGSL,
revise,53.26,1 - NGSL,
hint,53.26,1 - NGSL,
hook,53.25,1 - NGSL,
bell,53.25,1 - NGSL,
liquid,53.24,1 - NGSL,
panic,53.24,1 - NGSL,
uncle,53.23,1 - NGSL,
rice,53.22,1 - NGSL,
slope,53.22,1 - NGSL,
happiness,53.21,1 - NGSL,
genuine,53.21,1 - NGSL,
vessel,53.20,1 - NGSL,
verb,53.20,1 - NGSL,
reckon,53.19,1 - NGSL,
silly,53.18,1 - NGSL,
transportation,53.18,1 - NGSL,
harbor,53.18,1 - NGSL,
comedy,53.17,1 - NGSL,
chase,53.17,1 - NGSL,
storage,53.16,1 - NGSL,
universe,53.16,1 - NGSL,
horrible,53.16,1 - NGSL,
sheep,53.16,1 - NGSL,
lover,53.16,1 - NGSL,
rat,53.15,1 - NGSL,
portrait,53.15,1 - NGSL,
innocent,53.15,1 - NGSL,
substitute,53.14,1 - NGSL,
supplement,53.14,1 - NGSL,
adjustment,53.13,1 - NGSL,
reasonably,53.13,1 - NGSL,
filter,53.13,1 - NGSL,
flexible,53.13,1 - NGSL,
abstract,53.12,1 - NGSL,
tent,53.11,1 - NGSL,
precise,53.11,1 - NGSL,
distant,53.10,1 - NGSL,
stranger,53.10,1 - NGSL,
shade,53.09,1 - NGSL,
grain,53.07,1 - NGSL,
situate,53.07,1 - NGSL,
summarize,53.07,1 - NGSL,
leap,53.07,1 - NGSL,
snap,53.06,1 - NGSL,
probability,53.06,1 - NGSL,
leather,53.05,1 - NGSL,
uncertainty,53.04,1 - NGSL,
swear,53.04,1 - NGSL,
refugee,53.03,1 - NGSL,
shore,53.02,1 - NGSL,
monthly,52.99,1 - NGSL,
comprise,52.98,1 - NGSL,
stir,52.98,1 - NGSL,
excitement,52.96,1 - NGSL,
sigh,52.95,1 - NGSL,
pregnancy,52.95,1 - NGSL,
experimental,52.95,1 - NGSL,
institutional,52.94,1 - NGSL,
slice,52.94,1 - NGSL,
wander,52.94,1 - NGSL,
empire,52.93,1 - NGSL,
subsequently,52.93,1 - NGSL,
gentle,52.91,1 - NGSL,
attendance,52.90,1 - NGSL,
ownership,52.89,1 - NGSL,
qualification,52.89,1 - NGSL,
suspend,52.88,1 - NGSL,
functional,52.87,1 - NGSL,
voluntary,52.86,1 - NGSL,
pale,52.86,1 - NGSL,
stain,52.86,1 - NGSL,
athlete,52.85,1 - NGSL,
organic,52.85,1 - NGSL,
tongue,52.85,1 - NGSL,
server,52.82,1 - NGSL,
structural,52.82,1 - NGSL,
fool,52.81,1 - NGSL,
alongside,52.81,1 - NGSL,
unite,52.80,1 - NGSL,
gently,52.79,1 - NGSL,
compute,52.78,1 - NGSL,
wipe,52.76,1 - NGSL,
weird,52.75,1 - NGSL,
gaze,52.74,1 - NGSL,
fade,52.73,1 - NGSL,
cough,52.73,1 - NGSL,
hypothesis,52.71,1 - NGSL,
royal,52.69,1 - NGSL,
theoretical,52.67,1 - NGSL,
curtain,52.67,1 - NGSL,
mayor,52.55,1 - NGSL,
darkness,52.49,1 - NGSL,
aunt,52.45,1 - NGSL,
tournament,52.40,1 - NGSL,
registration,52.38,1 - NGSL,
fragment,52.38,1 - NGSL,
listener,52.32,1 - NGSL,
tender,52.12,1 - NGSL,
density,52.05,1 - NGSL,
ugly,52.00,1 - NGSL,
module,51.85,1 - NGSL,
faithfully,51.79,1 - NGSL,
autumn,51.75,1 - NGSL,
cheek,51.73,1 - NGSL,
attachment,51.69,1 - NGSL,
holder,51.58,1 - NGSL,
grin,50.96,1 - NGSL,
noun,50.41,1 - NGSL,
fortunate,50.37,1 - NGSL,
alright,50.32,1 - NGSL,
lazy,50.05,1 - NGSL,
hello,49.89,1 - NGSL,
hunger,49.70,1 - NGSL,
insure,49.65,1 - NGSL,
ashamed,49.28,1 - NGSL,
found,48.26,1 - NGSL,
thirst,44.79,1 - NGSL,
